Entity,Code,Year,COâ‚‚ concentration (parts per million)
World,OWID_WRL,803719 BCE,207.29
World,OWID_WRL,803182 BCE,202.23
World,OWID_WRL,802573 BCE,204.86
World,OWID_WRL,802060 BCE,207.5
World,OWID_WRL,801975 BCE,202.92
World,OWID_WRL,801759 BCE,202.65
World,OWID_WRL,800922 BCE,198.66
World,OWID_WRL,799286 BCE,198.68
World,OWID_WRL,796731 BCE,200.49
World,OWID_WRL,795429 BCE,197.91
World,OWID_WRL,794903 BCE,198.79
World,OWID_WRL,793737 BCE,204.62
World,OWID_WRL,793172 BCE,208.79
World,OWID_WRL,791903 BCE,218.39
World,OWID_WRL,791569 BCE,213.36
World,OWID_WRL,790667 BCE,214.45
World,OWID_WRL,790081 BCE,224.69
World,OWID_WRL,789107 BCE,230.55
World,OWID_WRL,788689 BCE,227.38
World,OWID_WRL,788003 BCE,235.49
World,OWID_WRL,787544 BCE,238.64
World,OWID_WRL,786742 BCE,257.02
World,OWID_WRL,786529 BCE,257.2
World,OWID_WRL,785854 BCE,266
World,OWID_WRL,785406 BCE,269.36
World,OWID_WRL,784613 BCE,264.35
World,OWID_WRL,784240 BCE,262.23
World,OWID_WRL,783569 BCE,259.66
World,OWID_WRL,783084 BCE,255.85
World,OWID_WRL,782312 BCE,260.92
World,OWID_WRL,781249 BCE,255.02
World,OWID_WRL,780778 BCE,257.44
World,OWID_WRL,779937 BCE,251.51
World,OWID_WRL,779613 BCE,257.21
World,OWID_WRL,778769 BCE,252.52
World,OWID_WRL,778239 BCE,254.43
World,OWID_WRL,777418 BCE,254.69
World,OWID_WRL,777108 BCE,254.93
World,OWID_WRL,776283 BCE,252.46
World,OWID_WRL,775732 BCE,247.3
World,OWID_WRL,774833 BCE,248.92
World,OWID_WRL,774382 BCE,245.32
World,OWID_WRL,773588 BCE,241.74
World,OWID_WRL,773009 BCE,238.39
World,OWID_WRL,772094 BCE,239.23
World,OWID_WRL,771734 BCE,237.78
World,OWID_WRL,771300 BCE,246.03
World,OWID_WRL,771046 BCE,243.85
World,OWID_WRL,770788 BCE,246.49
World,OWID_WRL,770525 BCE,243.89
World,OWID_WRL,770225 BCE,239.71
World,OWID_WRL,769863 BCE,234.24
World,OWID_WRL,769569 BCE,236.32
World,OWID_WRL,769071 BCE,229.56
World,OWID_WRL,768649 BCE,230.63
World,OWID_WRL,767701 BCE,225.87
World,OWID_WRL,767111 BCE,221.64
World,OWID_WRL,766167 BCE,223.82
World,OWID_WRL,765797 BCE,224.86
World,OWID_WRL,764859 BCE,230.62
World,OWID_WRL,764239 BCE,232.12
World,OWID_WRL,763901 BCE,229.41
World,OWID_WRL,763637 BCE,233.66
World,OWID_WRL,763232 BCE,222.93
World,OWID_WRL,762727 BCE,223.89
World,OWID_WRL,761821 BCE,219.95
World,OWID_WRL,761152 BCE,214
World,OWID_WRL,760216 BCE,214.69
World,OWID_WRL,759914 BCE,216.64
World,OWID_WRL,758990 BCE,222.71
World,OWID_WRL,758566 BCE,225.62
World,OWID_WRL,758158 BCE,225.37
World,OWID_WRL,757928 BCE,223.02
World,OWID_WRL,757612 BCE,226.94
World,OWID_WRL,757186 BCE,222.72
World,OWID_WRL,756412 BCE,218.35
World,OWID_WRL,755835 BCE,213.61
World,OWID_WRL,754901 BCE,209.45
World,OWID_WRL,754616 BCE,208.1
World,OWID_WRL,753637 BCE,203.3
World,OWID_WRL,753165 BCE,199.05
World,OWID_WRL,751985 BCE,203.9
World,OWID_WRL,751539 BCE,195.43
World,OWID_WRL,750616 BCE,197.5
World,OWID_WRL,750024 BCE,193.55
World,OWID_WRL,749086 BCE,191.3
World,OWID_WRL,748756 BCE,192.08
World,OWID_WRL,747864 BCE,190.17
World,OWID_WRL,747313 BCE,188.68
World,OWID_WRL,746387 BCE,187.54
World,OWID_WRL,745990 BCE,187.95
World,OWID_WRL,745227 BCE,187.92
World,OWID_WRL,744670 BCE,190.24
World,OWID_WRL,743721 BCE,187.29
World,OWID_WRL,742573 BCE,188.97
World,OWID_WRL,742009 BCE,188.18
World,OWID_WRL,741112 BCE,187.33
World,OWID_WRL,740695 BCE,188.65
World,OWID_WRL,739924 BCE,189.14
World,OWID_WRL,739380 BCE,184.77
World,OWID_WRL,738511 BCE,183.39
World,OWID_WRL,738156 BCE,185.4
World,OWID_WRL,737225 BCE,185.61
World,OWID_WRL,736631 BCE,191.74
World,OWID_WRL,735710 BCE,204.52
World,OWID_WRL,735320 BCE,206.92
World,OWID_WRL,734572 BCE,213.14
World,OWID_WRL,734157 BCE,217.19
World,OWID_WRL,733460 BCE,217.88
World,OWID_WRL,733185 BCE,214.66
World,OWID_WRL,732513 BCE,216.15
World,OWID_WRL,732072 BCE,210.6
World,OWID_WRL,731379 BCE,207.72
World,OWID_WRL,731044 BCE,208.11
World,OWID_WRL,730372 BCE,213.73
World,OWID_WRL,729911 BCE,211.62
World,OWID_WRL,729234 BCE,210.7
World,OWID_WRL,728958 BCE,210.16
World,OWID_WRL,728310 BCE,212.17
World,OWID_WRL,727887 BCE,210.01
World,OWID_WRL,727038 BCE,211.08
World,OWID_WRL,726644 BCE,210.24
World,OWID_WRL,725949 BCE,210.07
World,OWID_WRL,724627 BCE,211.43
World,OWID_WRL,724300 BCE,211.08
World,OWID_WRL,723524 BCE,211.49
World,OWID_WRL,723025 BCE,210.48
World,OWID_WRL,722192 BCE,214.01
World,OWID_WRL,721830 BCE,212.55
World,OWID_WRL,721045 BCE,212.11
World,OWID_WRL,720556 BCE,216.1
World,OWID_WRL,719740 BCE,218.96
World,OWID_WRL,719458 BCE,219.2
World,OWID_WRL,718641 BCE,217.04
World,OWID_WRL,718137 BCE,212.03
World,OWID_WRL,717337 BCE,200.82
World,OWID_WRL,716828 BCE,193.46
World,OWID_WRL,716005 BCE,189.88
World,OWID_WRL,715398 BCE,198.43
World,OWID_WRL,714636 BCE,210.51
World,OWID_WRL,714360 BCE,213.6
World,OWID_WRL,713615 BCE,227.58
World,OWID_WRL,713166 BCE,223.14
World,OWID_WRL,712454 BCE,227.08
World,OWID_WRL,712116 BCE,227.64
World,OWID_WRL,711363 BCE,223.89
World,OWID_WRL,710294 BCE,224
World,OWID_WRL,710071 BCE,224.12
World,OWID_WRL,709449 BCE,225.39
World,OWID_WRL,709033 BCE,224.9
World,OWID_WRL,708506 BCE,227.03
World,OWID_WRL,707960 BCE,230.51
World,OWID_WRL,707504 BCE,231.43
World,OWID_WRL,707009 BCE,234.84
World,OWID_WRL,706463 BCE,233.11
World,OWID_WRL,706250 BCE,233.58
World,OWID_WRL,705694 BCE,233.51
World,OWID_WRL,705361 BCE,238.85
World,OWID_WRL,704761 BCE,236.05
World,OWID_WRL,704543 BCE,236.05
World,OWID_WRL,704103 BCE,237.66
World,OWID_WRL,703777 BCE,237.18
World,OWID_WRL,703294 BCE,235.09
World,OWID_WRL,703103 BCE,234.04
World,OWID_WRL,702632 BCE,233.54
World,OWID_WRL,702301 BCE,232.83
World,OWID_WRL,701846 BCE,232.28
World,OWID_WRL,701519 BCE,233.35
World,OWID_WRL,701060 BCE,230.59
World,OWID_WRL,700784 BCE,232.18
World,OWID_WRL,700251 BCE,232.16
World,OWID_WRL,700043 BCE,230.88
World,OWID_WRL,699575 BCE,232.46
World,OWID_WRL,699319 BCE,235.42
World,OWID_WRL,698865 BCE,236.61
World,OWID_WRL,698535 BCE,236.72
World,OWID_WRL,698154 BCE,237.21
World,OWID_WRL,697915 BCE,239.73
World,OWID_WRL,697489 BCE,239.01
World,OWID_WRL,697266 BCE,238.86
World,OWID_WRL,696803 BCE,241.83
World,OWID_WRL,696556 BCE,240.9
World,OWID_WRL,696089 BCE,241.03
World,OWID_WRL,695797 BCE,239.88
World,OWID_WRL,695392 BCE,238.42
World,OWID_WRL,695140 BCE,239.44
World,OWID_WRL,694695 BCE,238.13
World,OWID_WRL,694485 BCE,238.05
World,OWID_WRL,694032 BCE,238.74
World,OWID_WRL,693782 BCE,236.8
World,OWID_WRL,693309 BCE,239.8
World,OWID_WRL,692999 BCE,239.31
World,OWID_WRL,692587 BCE,240.46
World,OWID_WRL,692330 BCE,239.34
World,OWID_WRL,691871 BCE,237.76
World,OWID_WRL,691624 BCE,243.7
World,OWID_WRL,691127 BCE,238.47
World,OWID_WRL,690882 BCE,239.3
World,OWID_WRL,690368 BCE,243.56
World,OWID_WRL,690018 BCE,239.38
World,OWID_WRL,689518 BCE,238.42
World,OWID_WRL,689272 BCE,239.29
World,OWID_WRL,688786 BCE,236.45
World,OWID_WRL,688525 BCE,235.8
World,OWID_WRL,688001 BCE,232.27
World,OWID_WRL,687743 BCE,232.07
World,OWID_WRL,687208 BCE,230.67
World,OWID_WRL,686860 BCE,227.64
World,OWID_WRL,686350 BCE,227.65
World,OWID_WRL,686050 BCE,226.73
World,OWID_WRL,685495 BCE,222.97
World,OWID_WRL,685204 BCE,222.7
World,OWID_WRL,684632 BCE,222.62
World,OWID_WRL,684319 BCE,220.63
World,OWID_WRL,683730 BCE,220.62
World,OWID_WRL,683345 BCE,221.82
World,OWID_WRL,682808 BCE,224.36
World,OWID_WRL,682474 BCE,225.64
World,OWID_WRL,681879 BCE,222.7
World,OWID_WRL,681508 BCE,220.24
World,OWID_WRL,680790 BCE,219.14
World,OWID_WRL,680394 BCE,221.31
World,OWID_WRL,679720 BCE,227.9
World,OWID_WRL,679276 BCE,225.81
World,OWID_WRL,678678 BCE,233.11
World,OWID_WRL,678363 BCE,233.61
World,OWID_WRL,677785 BCE,232.7
World,OWID_WRL,677505 BCE,229.16
World,OWID_WRL,676792 BCE,220.09
World,OWID_WRL,676378 BCE,218.21
World,OWID_WRL,675651 BCE,216.59
World,OWID_WRL,675202 BCE,219.96
World,OWID_WRL,674581 BCE,222.57
World,OWID_WRL,673457 BCE,216.12
World,OWID_WRL,673078 BCE,211.69
World,OWID_WRL,672279 BCE,204.67
World,OWID_WRL,671746 BCE,201.12
World,OWID_WRL,670811 BCE,197.13
World,OWID_WRL,670201 BCE,194.79
World,OWID_WRL,669508 BCE,196.83
World,OWID_WRL,669121 BCE,194.88
World,OWID_WRL,668346 BCE,191.51
World,OWID_WRL,667869 BCE,187.66
World,OWID_WRL,666966 BCE,180.67
World,OWID_WRL,666465 BCE,177.71
World,OWID_WRL,665460 BCE,173.71
World,OWID_WRL,664803 BCE,174.77
World,OWID_WRL,663887 BCE,180.54
World,OWID_WRL,663372 BCE,180.17
World,OWID_WRL,662458 BCE,187.77
World,OWID_WRL,662370 BCE,192.55
World,OWID_WRL,661988 BCE,191.02
World,OWID_WRL,660928 BCE,190.86
World,OWID_WRL,660847 BCE,193.91
World,OWID_WRL,660332 BCE,189.69
World,OWID_WRL,659266 BCE,191.59
World,OWID_WRL,659168 BCE,193.97
World,OWID_WRL,658514 BCE,188.43
World,OWID_WRL,657462 BCE,185.68
World,OWID_WRL,657344 BCE,187.38
World,OWID_WRL,656814 BCE,184.1
World,OWID_WRL,655772 BCE,190.88
World,OWID_WRL,655704 BCE,189.23
World,OWID_WRL,655231 BCE,192.93
World,OWID_WRL,654183 BCE,200.35
World,OWID_WRL,653574 BCE,200
World,OWID_WRL,652489 BCE,194.82
World,OWID_WRL,651780 BCE,192.87
World,OWID_WRL,650759 BCE,186.79
World,OWID_WRL,650154 BCE,187.27
World,OWID_WRL,648997 BCE,193.44
World,OWID_WRL,648398 BCE,189.25
World,OWID_WRL,647241 BCE,196.17
World,OWID_WRL,646662 BCE,193.48
World,OWID_WRL,645305 BCE,191.85
World,OWID_WRL,644427 BCE,189.89
World,OWID_WRL,643201 BCE,195.82
World,OWID_WRL,642351 BCE,195.31
World,OWID_WRL,640907 BCE,191.56
World,OWID_WRL,640125 BCE,191.38
World,OWID_WRL,638422 BCE,190.18
World,OWID_WRL,637468 BCE,188.85
World,OWID_WRL,635764 BCE,195.33
World,OWID_WRL,634572 BCE,194
World,OWID_WRL,633059 BCE,194.86
World,OWID_WRL,632931 BCE,195.95
World,OWID_WRL,632128 BCE,193.1
World,OWID_WRL,630407 BCE,196.5
World,OWID_WRL,629576 BCE,200.46
World,OWID_WRL,627916 BCE,200.78
World,OWID_WRL,627820 BCE,205.27
World,OWID_WRL,627190 BCE,199.52
World,OWID_WRL,625880 BCE,205.76
World,OWID_WRL,625019 BCE,215.71
World,OWID_WRL,624097 BCE,228.51
World,OWID_WRL,623448 BCE,235.02
World,OWID_WRL,622547 BCE,237.93
World,OWID_WRL,621105 BCE,239.19
World,OWID_WRL,621001 BCE,243.89
World,OWID_WRL,619701 BCE,243.53
World,OWID_WRL,618334 BCE,245.89
World,OWID_WRL,617004 BCE,248.29
World,OWID_WRL,615660 BCE,252.64
World,OWID_WRL,614407 BCE,252.73
World,OWID_WRL,614349 BCE,252.9
World,OWID_WRL,613191 BCE,252.75
World,OWID_WRL,611993 BCE,256.19
World,OWID_WRL,610812 BCE,258.14
World,OWID_WRL,609651 BCE,259.68
World,OWID_WRL,609601 BCE,257.82
World,OWID_WRL,608480 BCE,257.74
World,OWID_WRL,607297 BCE,259.22
World,OWID_WRL,606029 BCE,254.58
World,OWID_WRL,604676 BCE,248.48
World,OWID_WRL,603353 BCE,244.53
World,OWID_WRL,601999 BCE,239.14
World,OWID_WRL,600651 BCE,237.86
World,OWID_WRL,599305 BCE,232.45
World,OWID_WRL,597865 BCE,229.38
World,OWID_WRL,597268 BCE,225.97
World,OWID_WRL,596380 BCE,219.02
World,OWID_WRL,595854 BCE,216.27
World,OWID_WRL,594841 BCE,216.44
World,OWID_WRL,594272 BCE,221.22
World,OWID_WRL,593486 BCE,232.92
World,OWID_WRL,592914 BCE,237.98
World,OWID_WRL,592097 BCE,238.15
World,OWID_WRL,591611 BCE,233.16
World,OWID_WRL,590836 BCE,229.39
World,OWID_WRL,590433 BCE,225.68
World,OWID_WRL,589069 BCE,237.38
World,OWID_WRL,588539 BCE,243.56
World,OWID_WRL,588090 BCE,248.1
World,OWID_WRL,587475 BCE,250.2
World,OWID_WRL,586991 BCE,246.35
World,OWID_WRL,586329 BCE,238.78
World,OWID_WRL,585939 BCE,234.4
World,OWID_WRL,585222 BCE,225.99
World,OWID_WRL,584771 BCE,223.96
World,OWID_WRL,582009 BCE,210.64
World,OWID_WRL,581624 BCE,206.68
World,OWID_WRL,580886 BCE,209.88
World,OWID_WRL,580505 BCE,215.45
World,OWID_WRL,579978 BCE,219.41
World,OWID_WRL,579597 BCE,225.21
World,OWID_WRL,579169 BCE,230.26
World,OWID_WRL,578864 BCE,236.17
World,OWID_WRL,578452 BCE,243.81
World,OWID_WRL,578261 BCE,244.14
World,OWID_WRL,577883 BCE,251.47
World,OWID_WRL,577331 BCE,252.92
World,OWID_WRL,576792 BCE,249.06
World,OWID_WRL,576246 BCE,251.08
World,OWID_WRL,575704 BCE,251.34
World,OWID_WRL,575165 BCE,251.3
World,OWID_WRL,574649 BCE,252.9
World,OWID_WRL,574163 BCE,252.54
World,OWID_WRL,573705 BCE,248.86
World,OWID_WRL,573284 BCE,252.08
World,OWID_WRL,572856 BCE,251.86
World,OWID_WRL,572415 BCE,251.77
World,OWID_WRL,571963 BCE,248.72
World,OWID_WRL,571526 BCE,249.19
World,OWID_WRL,571104 BCE,247.66
World,OWID_WRL,570720 BCE,246.31
World,OWID_WRL,570366 BCE,250.3
World,OWID_WRL,570025 BCE,251.6
World,OWID_WRL,569683 BCE,249.6
World,OWID_WRL,569311 BCE,251.8
World,OWID_WRL,568912 BCE,251.8
World,OWID_WRL,568513 BCE,251.3
World,OWID_WRL,568117 BCE,250
World,OWID_WRL,567734 BCE,251.3
World,OWID_WRL,567365 BCE,250.2
World,OWID_WRL,566980 BCE,253
World,OWID_WRL,566584 BCE,252.8
World,OWID_WRL,566254 BCE,253.9
World,OWID_WRL,565935 BCE,253.2
World,OWID_WRL,565599 BCE,254.5
World,OWID_WRL,565289 BCE,253.9
World,OWID_WRL,564968 BCE,254.3
World,OWID_WRL,564639 BCE,253.7
World,OWID_WRL,564295 BCE,251.4
World,OWID_WRL,563946 BCE,252.6
World,OWID_WRL,563589 BCE,252.4
World,OWID_WRL,563184 BCE,251.4
World,OWID_WRL,562774 BCE,247.6
World,OWID_WRL,562361 BCE,245.8
World,OWID_WRL,561978 BCE,245.7
World,OWID_WRL,561586 BCE,242.3
World,OWID_WRL,561185 BCE,240.1
World,OWID_WRL,560706 BCE,234.1
World,OWID_WRL,560360 BCE,234.6
World,OWID_WRL,559938 BCE,231.9
World,OWID_WRL,559501 BCE,231.6
World,OWID_WRL,559016 BCE,228.3
World,OWID_WRL,558487 BCE,230.3
World,OWID_WRL,557923 BCE,230.2
World,OWID_WRL,557687 BCE,229.7
World,OWID_WRL,557366 BCE,234.5
World,OWID_WRL,556828 BCE,238.1
World,OWID_WRL,556356 BCE,240.4
World,OWID_WRL,556205 BCE,245.6
World,OWID_WRL,555888 BCE,250.5
World,OWID_WRL,555707 BCE,244
World,OWID_WRL,555435 BCE,249.1
World,OWID_WRL,555249 BCE,243
World,OWID_WRL,554973 BCE,241
World,OWID_WRL,554457 BCE,233.9
World,OWID_WRL,553892 BCE,226.7
World,OWID_WRL,553208 BCE,224.3
World,OWID_WRL,552530 BCE,223.6
World,OWID_WRL,551859 BCE,220.3
World,OWID_WRL,551669 BCE,222.1
World,OWID_WRL,551296 BCE,226.3
World,OWID_WRL,551071 BCE,222.3
World,OWID_WRL,550732 BCE,221.7
World,OWID_WRL,550161 BCE,219.9
World,OWID_WRL,549431 BCE,215.2
World,OWID_WRL,548633 BCE,213.6
World,OWID_WRL,548281 BCE,208.8
World,OWID_WRL,547770 BCE,202.5
World,OWID_WRL,546821 BCE,204.6
World,OWID_WRL,545857 BCE,209.7
World,OWID_WRL,544880 BCE,209.6
World,OWID_WRL,543915 BCE,210.3
World,OWID_WRL,542936 BCE,208.1
World,OWID_WRL,541895 BCE,203.6
World,OWID_WRL,540790 BCE,205
World,OWID_WRL,539704 BCE,211.2
World,OWID_WRL,538634 BCE,212.9
World,OWID_WRL,537564 BCE,206.4
World,OWID_WRL,536491 BCE,205
World,OWID_WRL,535384 BCE,199.4
World,OWID_WRL,534228 BCE,199.8
World,OWID_WRL,533745 BCE,190.5
World,OWID_WRL,533094 BCE,193.8
World,OWID_WRL,532718 BCE,195.1
World,OWID_WRL,531982 BCE,200
World,OWID_WRL,531604 BCE,204.4
World,OWID_WRL,531038 BCE,211.4
World,OWID_WRL,530643 BCE,214.5
World,OWID_WRL,530129 BCE,220.7
World,OWID_WRL,529251 BCE,220.3
World,OWID_WRL,528341 BCE,221.2
World,OWID_WRL,527453 BCE,222.7
World,OWID_WRL,526567 BCE,224.7
World,OWID_WRL,525749 BCE,227.8
World,OWID_WRL,524946 BCE,230.3
World,OWID_WRL,524157 BCE,233.7
World,OWID_WRL,523387 BCE,235.8
World,OWID_WRL,522621 BCE,236.8
World,OWID_WRL,521852 BCE,241.9
World,OWID_WRL,519624 BCE,243.5
World,OWID_WRL,518872 BCE,245.5
World,OWID_WRL,518123 BCE,247.7
World,OWID_WRL,517379 BCE,245.3
World,OWID_WRL,516650 BCE,245.5
World,OWID_WRL,515926 BCE,246.2
World,OWID_WRL,515205 BCE,247.2
World,OWID_WRL,514471 BCE,243
World,OWID_WRL,513701 BCE,241.5
World,OWID_WRL,512898 BCE,239.2
World,OWID_WRL,512083 BCE,238.2
World,OWID_WRL,511255 BCE,242
World,OWID_WRL,510414 BCE,235.2
World,OWID_WRL,509562 BCE,236.4
World,OWID_WRL,508702 BCE,233.4
World,OWID_WRL,507835 BCE,240.3
World,OWID_WRL,506991 BCE,237
World,OWID_WRL,506168 BCE,238.2
World,OWID_WRL,505362 BCE,236
World,OWID_WRL,504534 BCE,235.5
World,OWID_WRL,503734 BCE,233.9
World,OWID_WRL,502962 BCE,234.1
World,OWID_WRL,502227 BCE,232.2
World,OWID_WRL,501469 BCE,232
World,OWID_WRL,500688 BCE,231.2
World,OWID_WRL,499911 BCE,230.8
World,OWID_WRL,499134 BCE,228.2
World,OWID_WRL,498355 BCE,230.8
World,OWID_WRL,497577 BCE,230.6
World,OWID_WRL,496787 BCE,232.8
World,OWID_WRL,496016 BCE,236.5
World,OWID_WRL,495238 BCE,236.4
World,OWID_WRL,494494 BCE,237.6
World,OWID_WRL,493776 BCE,238.5
World,OWID_WRL,493074 BCE,238.3
World,OWID_WRL,492350 BCE,239.1
World,OWID_WRL,491643 BCE,239.7
World,OWID_WRL,490914 BCE,243.7
World,OWID_WRL,490205 BCE,246.7
World,OWID_WRL,489501 BCE,243.3
World,OWID_WRL,488784 BCE,242.6
World,OWID_WRL,488545 BCE,249.3
World,OWID_WRL,488076 BCE,252.8
World,OWID_WRL,487770 BCE,240.9
World,OWID_WRL,487352 BCE,242
World,OWID_WRL,486615 BCE,237.1
World,OWID_WRL,485898 BCE,231.3
World,OWID_WRL,485179 BCE,232.9
World,OWID_WRL,484449 BCE,233
World,OWID_WRL,483718 BCE,231.2
World,OWID_WRL,482986 BCE,231.4
World,OWID_WRL,482230 BCE,231.4
World,OWID_WRL,481445 BCE,227.3
World,OWID_WRL,480631 BCE,223.4
World,OWID_WRL,479713 BCE,223.8
World,OWID_WRL,478777 BCE,218.8
World,OWID_WRL,478378 BCE,220.8
World,OWID_WRL,477826 BCE,231.3
World,OWID_WRL,477453 BCE,236.5
World,OWID_WRL,476942 BCE,239.1
World,OWID_WRL,475991 BCE,236.6
World,OWID_WRL,475000 BCE,232.8
World,OWID_WRL,473975 BCE,233.1
World,OWID_WRL,473024 BCE,241.2
World,OWID_WRL,472142 BCE,245.6
World,OWID_WRL,471851 BCE,243.9
World,OWID_WRL,471268 BCE,243.7
World,OWID_WRL,470913 BCE,232.7
World,OWID_WRL,470313 BCE,229.2
World,OWID_WRL,469875 BCE,218.7
World,OWID_WRL,469251 BCE,215.5
World,OWID_WRL,468776 BCE,206.5
World,OWID_WRL,468090 BCE,205.5
World,OWID_WRL,466928 BCE,203.4
World,OWID_WRL,465757 BCE,204.4
World,OWID_WRL,464682 BCE,208.1
World,OWID_WRL,463652 BCE,210
World,OWID_WRL,463315 BCE,205.2
World,OWID_WRL,462649 BCE,199.9
World,OWID_WRL,461577 BCE,194.4
World,OWID_WRL,460464 BCE,190.7
World,OWID_WRL,459336 BCE,195.5
World,OWID_WRL,458302 BCE,202.4
World,OWID_WRL,457262 BCE,208.3
World,OWID_WRL,456844 BCE,203.3
World,OWID_WRL,456258 BCE,204.3
World,OWID_WRL,455795 BCE,199.1
World,OWID_WRL,455164 BCE,192.5
World,OWID_WRL,454052 BCE,193.3
World,OWID_WRL,452914 BCE,198.4
World,OWID_WRL,451826 BCE,201.9
World,OWID_WRL,450786 BCE,204.9
World,OWID_WRL,449797 BCE,201.2
World,OWID_WRL,448693 BCE,201.7
World,OWID_WRL,447621 BCE,208.1
World,OWID_WRL,446509 BCE,203.5
World,OWID_WRL,445269 BCE,201.1
World,OWID_WRL,443382 BCE,199.1
World,OWID_WRL,441895 BCE,202
World,OWID_WRL,440281 BCE,201.3
World,OWID_WRL,438710 BCE,201.7
World,OWID_WRL,437113 BCE,200.3
World,OWID_WRL,435535 BCE,207.5
World,OWID_WRL,433990 BCE,209.8
World,OWID_WRL,432429 BCE,207.6
World,OWID_WRL,431900 BCE,211.5
World,OWID_WRL,430229 BCE,227.2
World,OWID_WRL,429074 BCE,219.7
World,OWID_WRL,427228 BCE,242.5
World,OWID_WRL,426890 BCE,248.2
World,OWID_WRL,425991 BCE,252.1
World,OWID_WRL,425205 BCE,255.3
World,OWID_WRL,424672 BCE,265.4
World,OWID_WRL,424287 BCE,270
World,OWID_WRL,423791 BCE,270.8
World,OWID_WRL,423182 BCE,268.3
World,OWID_WRL,422558 BCE,267.7
World,OWID_WRL,421275 BCE,270.6
World,OWID_WRL,420583 BCE,266.4
World,OWID_WRL,419962 BCE,268.6
World,OWID_WRL,418752 BCE,273.8
World,OWID_WRL,418184 BCE,271.2
World,OWID_WRL,417626 BCE,273.7
World,OWID_WRL,416555 BCE,274.6
World,OWID_WRL,416007 BCE,271.8
World,OWID_WRL,415490 BCE,273.4
World,OWID_WRL,414475 BCE,271.7
World,OWID_WRL,413996 BCE,276.4
World,OWID_WRL,413230 BCE,271.6
World,OWID_WRL,412261 BCE,264.9
World,OWID_WRL,411309 BCE,274.9
World,OWID_WRL,409398 BCE,283.5
World,OWID_WRL,408504 BCE,282.6
World,OWID_WRL,407648 BCE,274.7
World,OWID_WRL,406869 BCE,284.5
World,OWID_WRL,405332 BCE,285.6
World,OWID_WRL,404593 BCE,279.6
World,OWID_WRL,403113 BCE,280.5
World,OWID_WRL,402363 BCE,276.5
World,OWID_WRL,400910 BCE,275.7
World,OWID_WRL,400191 BCE,283.1
World,OWID_WRL,398760 BCE,283.2
World,OWID_WRL,397976 BCE,277.1
World,OWID_WRL,396325 BCE,276.3
World,OWID_WRL,392956 BCE,260.7
World,OWID_WRL,392054 BCE,273.6
World,OWID_WRL,391027 BCE,259.5
World,OWID_WRL,390337 BCE,258.1
World,OWID_WRL,387460 BCE,245.8
World,OWID_WRL,385875 BCE,246.8
World,OWID_WRL,384334 BCE,239.1
World,OWID_WRL,382607 BCE,240
World,OWID_WRL,380981 BCE,227
World,OWID_WRL,376810 BCE,229.6
World,OWID_WRL,375085 BCE,224.6
World,OWID_WRL,373255 BCE,214.7
World,OWID_WRL,371508 BCE,199.9
World,OWID_WRL,369436 BCE,201.9
World,OWID_WRL,366116 BCE,206.3
World,OWID_WRL,363240 BCE,201.2
World,OWID_WRL,360618 BCE,185.8
World,OWID_WRL,358734 BCE,186.1
World,OWID_WRL,357060 BCE,193
World,OWID_WRL,353868 BCE,209.2
World,OWID_WRL,352463 BCE,209.4
World,OWID_WRL,351225 BCE,216.2
World,OWID_WRL,349726 BCE,221.1
World,OWID_WRL,347189 BCE,220.3
World,OWID_WRL,345595 BCE,211.9
World,OWID_WRL,344371 BCE,204.8
World,OWID_WRL,343051 BCE,205.2
World,OWID_WRL,341974 BCE,200.7
World,OWID_WRL,340842 BCE,250.1
World,OWID_WRL,338785 BCE,234.2
World,OWID_WRL,338034 BCE,239.6
World,OWID_WRL,337041 BCE,241.9
World,OWID_WRL,336264 BCE,255.7
World,OWID_WRL,335567 BCE,270.5
World,OWID_WRL,334918 BCE,278.6
World,OWID_WRL,334428 BCE,285.8
World,OWID_WRL,333758 BCE,278.1
World,OWID_WRL,333152 BCE,298.6
World,OWID_WRL,332594 BCE,288.4
World,OWID_WRL,332399 BCE,289.1
World,OWID_WRL,332048 BCE,282.4
World,OWID_WRL,331550 BCE,273.1
World,OWID_WRL,330849 BCE,272.6
World,OWID_WRL,330194 BCE,271.7
World,OWID_WRL,329344 BCE,265
World,OWID_WRL,328103 BCE,275.1
World,OWID_WRL,327464 BCE,271.9
World,OWID_WRL,326821 BCE,270.1
World,OWID_WRL,326137 BCE,266.1
World,OWID_WRL,325486 BCE,264
World,OWID_WRL,324641 BCE,266.2
World,OWID_WRL,323873 BCE,260.5
World,OWID_WRL,323057 BCE,260.3
World,OWID_WRL,322217 BCE,260.4
World,OWID_WRL,321433 BCE,257.2
World,OWID_WRL,319867 BCE,249.2
World,OWID_WRL,318966 BCE,255.8
World,OWID_WRL,317880 BCE,233.4
World,OWID_WRL,316903 BCE,245.2
World,OWID_WRL,315983 BCE,251.6
World,OWID_WRL,315200 BCE,272.6
World,OWID_WRL,314501 BCE,246.8
World,OWID_WRL,313708 BCE,257.1
World,OWID_WRL,312886 BCE,256.7
World,OWID_WRL,312102 BCE,251.6
World,OWID_WRL,311393 BCE,241.9
World,OWID_WRL,310643 BCE,239
World,OWID_WRL,309720 BCE,237.8
World,OWID_WRL,308826 BCE,233.2
World,OWID_WRL,308061 BCE,226.2
World,OWID_WRL,307474 BCE,227.8
World,OWID_WRL,306376 BCE,225.8
World,OWID_WRL,305513 BCE,244.8
World,OWID_WRL,304631 BCE,248.6
World,OWID_WRL,303828 BCE,250.2
World,OWID_WRL,303150 BCE,240.7
World,OWID_WRL,302151 BCE,240.2
World,OWID_WRL,301166 BCE,236
World,OWID_WRL,300134 BCE,239
World,OWID_WRL,299076 BCE,236.1
World,OWID_WRL,298166 BCE,231
World,OWID_WRL,297426 BCE,224.4
World,OWID_WRL,296755 BCE,217.1
World,OWID_WRL,294879 BCE,213.1
World,OWID_WRL,293414 BCE,212.7
World,OWID_WRL,292505 BCE,206.7
World,OWID_WRL,291701 BCE,206
World,OWID_WRL,290868 BCE,207.6
World,OWID_WRL,289613 BCE,217.1
World,OWID_WRL,288914 BCE,220.4
World,OWID_WRL,288235 BCE,234.9
World,OWID_WRL,286336 BCE,231
World,OWID_WRL,285870 BCE,230.4
World,OWID_WRL,285494 BCE,231.4
World,OWID_WRL,284660 BCE,226.4
World,OWID_WRL,283981 BCE,228
World,OWID_WRL,282485 BCE,231.3
World,OWID_WRL,280643 BCE,223.7
World,OWID_WRL,279451 BCE,215.3
World,OWID_WRL,278609 BCE,211
World,OWID_WRL,277669 BCE,204.5
World,OWID_WRL,276641 BCE,202.2
World,OWID_WRL,275493 BCE,193.2
World,OWID_WRL,274308 BCE,198.4
World,OWID_WRL,273205 BCE,194.1
World,OWID_WRL,272214 BCE,193.9
World,OWID_WRL,271216 BCE,190.4
World,OWID_WRL,270200 BCE,184.7
World,OWID_WRL,269086 BCE,198.8
World,OWID_WRL,267990 BCE,194.2
World,OWID_WRL,267046 BCE,187.2
World,OWID_WRL,266308 BCE,188.7
World,OWID_WRL,265057 BCE,211.7
World,OWID_WRL,264184 BCE,199.9
World,OWID_WRL,262634 BCE,228.1
World,OWID_WRL,260867 BCE,214.6
World,OWID_WRL,260105 BCE,208.9
World,OWID_WRL,259344 BCE,205.7
World,OWID_WRL,258944 BCE,209.6
World,OWID_WRL,257447 BCE,203.9
World,OWID_WRL,255958 BCE,204
World,OWID_WRL,255111 BCE,201.9
World,OWID_WRL,254349 BCE,199
World,OWID_WRL,252637 BCE,195.4
World,OWID_WRL,251807 BCE,196.7
World,OWID_WRL,251004 BCE,195.4
World,OWID_WRL,250182 BCE,213.9
World,OWID_WRL,249441 BCE,200.2
World,OWID_WRL,247150 BCE,214.7
World,OWID_WRL,244920 BCE,219.4
World,OWID_WRL,244239 BCE,230.4
World,OWID_WRL,243614 BCE,236.7
World,OWID_WRL,243107 BCE,249.9
World,OWID_WRL,242632 BCE,252.3
World,OWID_WRL,242172 BCE,263.7
World,OWID_WRL,241189 BCE,280.2
World,OWID_WRL,240735 BCE,279
World,OWID_WRL,239905 BCE,263.2
World,OWID_WRL,239383 BCE,259.7
World,OWID_WRL,238240 BCE,252.8
World,OWID_WRL,237789 BCE,247.4
World,OWID_WRL,237437 BCE,245.8
World,OWID_WRL,237058 BCE,245.6
World,OWID_WRL,236475 BCE,239.1
World,OWID_WRL,235956 BCE,243.1
World,OWID_WRL,235442 BCE,247.4
World,OWID_WRL,234901 BCE,241.4
World,OWID_WRL,234476 BCE,252.1
World,OWID_WRL,234041 BCE,245.2
World,OWID_WRL,230906 BCE,241.6
World,OWID_WRL,230242 BCE,233.9
World,OWID_WRL,229180 BCE,232.4
World,OWID_WRL,227622 BCE,224.5
World,OWID_WRL,226817 BCE,233.1
World,OWID_WRL,226489 BCE,234.5
World,OWID_WRL,225770 BCE,235.5
World,OWID_WRL,224900 BCE,215.7
World,OWID_WRL,224310 BCE,203.3
World,OWID_WRL,222322 BCE,205.6
World,OWID_WRL,221179 BCE,208.8
World,OWID_WRL,220590 BCE,207.1
World,OWID_WRL,219747 BCE,216.1
World,OWID_WRL,218986 BCE,214.1
World,OWID_WRL,217118 BCE,240.5
World,OWID_WRL,216251 BCE,245.3
World,OWID_WRL,215745 BCE,251.1
World,OWID_WRL,215466 BCE,251.7
World,OWID_WRL,214915 BCE,247.5
World,OWID_WRL,214356 BCE,242.6
World,OWID_WRL,213962 BCE,240.3
World,OWID_WRL,213131 BCE,241.4
World,OWID_WRL,212209 BCE,251.2
World,OWID_WRL,211380 BCE,243.4
World,OWID_WRL,210583 BCE,257.4
World,OWID_WRL,210129 BCE,239.5
World,OWID_WRL,209628 BCE,246.9
World,OWID_WRL,209108 BCE,252
World,OWID_WRL,208882 BCE,247.2
World,OWID_WRL,208225 BCE,243.9
World,OWID_WRL,208016 BCE,244.6
World,OWID_WRL,207495 BCE,242.2
World,OWID_WRL,207132 BCE,240.5
World,OWID_WRL,206872 BCE,230
World,OWID_WRL,206325 BCE,237.2
World,OWID_WRL,206159 BCE,238.1
World,OWID_WRL,205673 BCE,231.4
World,OWID_WRL,205290 BCE,229.4
World,OWID_WRL,204947 BCE,226.3
World,OWID_WRL,204410 BCE,228.6
World,OWID_WRL,203995 BCE,232.2
World,OWID_WRL,203626 BCE,231.9
World,OWID_WRL,203253 BCE,244.4
World,OWID_WRL,201892 BCE,247.6
World,OWID_WRL,200795 BCE,239.1
World,OWID_WRL,199802 BCE,250.9
World,OWID_WRL,196988 BCE,242.6
World,OWID_WRL,196377 BCE,241.2
World,OWID_WRL,195637 BCE,226.4
World,OWID_WRL,193850 BCE,220
World,OWID_WRL,193177 BCE,226.5
World,OWID_WRL,191125 BCE,218
World,OWID_WRL,190014 BCE,220.3
World,OWID_WRL,189305 BCE,231.4
World,OWID_WRL,187857 BCE,231.3
World,OWID_WRL,186487 BCE,210.7
World,OWID_WRL,184461 BCE,203.4
World,OWID_WRL,182421 BCE,199.7
World,OWID_WRL,181308 BCE,198.1
World,OWID_WRL,180246 BCE,217.7
World,OWID_WRL,179352 BCE,213.2
World,OWID_WRL,177923 BCE,207.7
World,OWID_WRL,175780 BCE,190.1
World,OWID_WRL,175584 BCE,189.4
World,OWID_WRL,174903 BCE,190.3
World,OWID_WRL,173883 BCE,196
World,OWID_WRL,172492 BCE,197.7
World,OWID_WRL,169989 BCE,197.8
World,OWID_WRL,167564 BCE,196.6
World,OWID_WRL,166796 BCE,183.8
World,OWID_WRL,165964 BCE,186.7
World,OWID_WRL,164834 BCE,190.1
World,OWID_WRL,164193 BCE,191.6
World,OWID_WRL,162385 BCE,196.5
World,OWID_WRL,161908 BCE,204.3
World,OWID_WRL,158205 BCE,187.5
World,OWID_WRL,157766 BCE,185.5
World,OWID_WRL,156716 BCE,189
World,OWID_WRL,154357 BCE,189.38
World,OWID_WRL,152939 BCE,196.3
World,OWID_WRL,151825 BCE,198.78
World,OWID_WRL,149495 BCE,202.35
World,OWID_WRL,148645 BCE,202.51
World,OWID_WRL,147516 BCE,201.78
World,OWID_WRL,146283 BCE,195.81
World,OWID_WRL,144158 BCE,193.59
World,OWID_WRL,142850 BCE,196.02
World,OWID_WRL,141701 BCE,194.59
World,OWID_WRL,140411 BCE,196.51
World,OWID_WRL,138000 BCE,192.75
World,OWID_WRL,136884 BCE,198.55
World,OWID_WRL,135813 BCE,199.18
World,OWID_WRL,134616 BCE,203.74
World,OWID_WRL,132572 BCE,212.43
World,OWID_WRL,131826 BCE,222.74
World,OWID_WRL,130982 BCE,224.63
World,OWID_WRL,130760 BCE,228
World,OWID_WRL,130026 BCE,232.28
World,OWID_WRL,129372 BCE,241.13
World,OWID_WRL,128868 BCE,250.84
World,OWID_WRL,128423 BCE,251.84
World,OWID_WRL,127706 BCE,260.61
World,OWID_WRL,127128 BCE,268.44
World,OWID_WRL,126928 BCE,271.08
World,OWID_WRL,126517 BCE,285.76
World,OWID_WRL,126223 BCE,280.72
World,OWID_WRL,126074 BCE,276.03
World,OWID_WRL,125554 BCE,276.88
World,OWID_WRL,125364 BCE,275.78
World,OWID_WRL,125012 BCE,274.93
World,OWID_WRL,124750 BCE,273.02
World,OWID_WRL,124064 BCE,275.15
World,OWID_WRL,123343 BCE,276.81
World,OWID_WRL,122867 BCE,275.52
World,OWID_WRL,122455 BCE,281.54
World,OWID_WRL,122009 BCE,275.87
World,OWID_WRL,121681 BCE,274.6
World,OWID_WRL,121064 BCE,279.16
World,OWID_WRL,120342 BCE,279
World,OWID_WRL,120150 BCE,278.25
World,OWID_WRL,119892 BCE,276.61
World,OWID_WRL,119476 BCE,279.48
World,OWID_WRL,118593 BCE,276.82
World,OWID_WRL,118194 BCE,268.73
World,OWID_WRL,117766 BCE,274.59
World,OWID_WRL,117293 BCE,267.74
World,OWID_WRL,116708 BCE,277.72
World,OWID_WRL,115669 BCE,274.98
World,OWID_WRL,115236 BCE,274.03
World,OWID_WRL,114526 BCE,273.63
World,OWID_WRL,113959 BCE,273.16
World,OWID_WRL,113497 BCE,276.96
World,OWID_WRL,112865 BCE,275.07
World,OWID_WRL,112300 BCE,267.9
World,OWID_WRL,111729 BCE,260.58
World,OWID_WRL,111169 BCE,264.75
World,OWID_WRL,110992 BCE,263.12
World,OWID_WRL,110686 BCE,256.79
World,OWID_WRL,109927 BCE,257.93
World,OWID_WRL,108605 BCE,246.69
World,OWID_WRL,107890 BCE,244.13
World,OWID_WRL,107179 BCE,244.44
World,OWID_WRL,106452 BCE,236.43
World,OWID_WRL,105025 BCE,240.34
World,OWID_WRL,104418 BCE,244.83
World,OWID_WRL,104306 BCE,241.4
World,OWID_WRL,104040 BCE,257.58
World,OWID_WRL,103557 BCE,248.78
World,OWID_WRL,103016 BCE,242.36
World,OWID_WRL,102381 BCE,238.88
World,OWID_WRL,102324 BCE,247.76
World,OWID_WRL,101359 BCE,240.68
World,OWID_WRL,100815 BCE,237.07
World,OWID_WRL,100022 BCE,240.07
World,OWID_WRL,99376 BCE,244.76
World,OWID_WRL,98593 BCE,247.87
World,OWID_WRL,98127 BCE,245.63
World,OWID_WRL,97411 BCE,242.99
World,OWID_WRL,96634 BCE,243.18
World,OWID_WRL,95977 BCE,239.86
World,OWID_WRL,95321 BCE,242.35
World,OWID_WRL,94525 BCE,245.76
World,OWID_WRL,93971 BCE,246.2
World,OWID_WRL,93284 BCE,242.91
World,OWID_WRL,92619 BCE,242.41
World,OWID_WRL,91873 BCE,238.21
World,OWID_WRL,91475 BCE,235.16
World,OWID_WRL,90718 BCE,232.46
World,OWID_WRL,90000 BCE,233.74
World,OWID_WRL,89495 BCE,231.12
World,OWID_WRL,88884 BCE,231.56
World,OWID_WRL,88367 BCE,229.74
World,OWID_WRL,87746 BCE,228.88
World,OWID_WRL,87295 BCE,227.38
World,OWID_WRL,86751 BCE,223.99
World,OWID_WRL,86186 BCE,217.8
World,OWID_WRL,85631 BCE,223.63
World,OWID_WRL,85078 BCE,221.06
World,OWID_WRL,84548 BCE,223.38
World,OWID_WRL,83941 BCE,228.76
World,OWID_WRL,83417 BCE,234.69
World,OWID_WRL,82987 BCE,238.42
World,OWID_WRL,82407 BCE,243.16
World,OWID_WRL,81991 BCE,250.79
World,OWID_WRL,81604 BCE,247.1
World,OWID_WRL,81038 BCE,246.32
World,OWID_WRL,80577 BCE,240.87
World,OWID_WRL,80119 BCE,238.89
World,OWID_WRL,79761 BCE,234.13
World,OWID_WRL,79257 BCE,230.33
World,OWID_WRL,78772 BCE,233.92
World,OWID_WRL,78380 BCE,230.6
World,OWID_WRL,77928 BCE,234.74
World,OWID_WRL,77460 BCE,229.26
World,OWID_WRL,77020 BCE,227.3
World,OWID_WRL,76558 BCE,224.14
World,OWID_WRL,76131 BCE,226.65
World,OWID_WRL,75666 BCE,224.92
World,OWID_WRL,75106 BCE,231.68
World,OWID_WRL,74747 BCE,238.01
World,OWID_WRL,74297 BCE,239.34
World,OWID_WRL,73901 BCE,249.94
World,OWID_WRL,73595 BCE,249.52
World,OWID_WRL,73118 BCE,243.27
World,OWID_WRL,72576 BCE,241.24
World,OWID_WRL,72271 BCE,231.33
World,OWID_WRL,71801 BCE,232.74
World,OWID_WRL,71269 BCE,230.89
World,OWID_WRL,70916 BCE,232.33
World,OWID_WRL,70540 BCE,232.79
World,OWID_WRL,70143 BCE,239.46
World,OWID_WRL,69744 BCE,237.56
World,OWID_WRL,69329 BCE,235.02
World,OWID_WRL,68979 BCE,225.17
World,OWID_WRL,68477 BCE,220.33
World,OWID_WRL,68102 BCE,215.55
World,OWID_WRL,67642 BCE,211.26
World,OWID_WRL,67132 BCE,205.42
World,OWID_WRL,66670 BCE,203.43
World,OWID_WRL,66196 BCE,200.17
World,OWID_WRL,65780 BCE,203.76
World,OWID_WRL,65365 BCE,201.14
World,OWID_WRL,65010 BCE,207.21
World,OWID_WRL,64489 BCE,204.39
World,OWID_WRL,63987 BCE,200.59
World,OWID_WRL,63815 BCE,198.17
World,OWID_WRL,63596 BCE,208.98
World,OWID_WRL,63097 BCE,199.17
World,OWID_WRL,62917 BCE,201.67
World,OWID_WRL,62707 BCE,203.7
World,OWID_WRL,62164 BCE,199.73
World,OWID_WRL,61947 BCE,197.24
World,OWID_WRL,61606 BCE,197.4
World,OWID_WRL,61011 BCE,200.15
World,OWID_WRL,60825 BCE,202.71
World,OWID_WRL,60602 BCE,202.56
World,OWID_WRL,59951 BCE,206.38
World,OWID_WRL,59604 BCE,210.9
World,OWID_WRL,59285 BCE,210.57
World,OWID_WRL,59111 BCE,207.95
World,OWID_WRL,58868 BCE,213.78
World,OWID_WRL,58567 BCE,217.25
World,OWID_WRL,58423 BCE,212.87
World,OWID_WRL,58160 BCE,216.66
World,OWID_WRL,57783 BCE,223.45
World,OWID_WRL,57430 BCE,226.35
World,OWID_WRL,57155 BCE,231.29
World,OWID_WRL,56483 BCE,223.15
World,OWID_WRL,56267 BCE,224.35
World,OWID_WRL,55894 BCE,223.72
World,OWID_WRL,55526 BCE,217.38
World,OWID_WRL,55261 BCE,215.7
World,OWID_WRL,54554 BCE,212.44
World,OWID_WRL,54287 BCE,207.67
World,OWID_WRL,53960 BCE,210.27
World,OWID_WRL,53603 BCE,214.78
World,OWID_WRL,53343 BCE,208.19
World,OWID_WRL,53064 BCE,216.86
World,OWID_WRL,52745 BCE,213.89
World,OWID_WRL,52437 BCE,217.96
World,OWID_WRL,52207 BCE,220.37
World,OWID_WRL,51856 BCE,221.14
World,OWID_WRL,51450 BCE,223.26
World,OWID_WRL,51158 BCE,223.72
World,OWID_WRL,50851 BCE,221.15
World,OWID_WRL,50624 BCE,220.72
World,OWID_WRL,50435 BCE,219.08
World,OWID_WRL,50137 BCE,213.82
World,OWID_WRL,49830 BCE,215.08
World,OWID_WRL,49481 BCE,211.57
World,OWID_WRL,49079 BCE,207.64
World,OWID_WRL,48577 BCE,207.41
World,OWID_WRL,48271 BCE,206.74
World,OWID_WRL,48057 BCE,204.38
World,OWID_WRL,47778 BCE,203.87
World,OWID_WRL,47513 BCE,204.06
World,OWID_WRL,47353 BCE,200.12
World,OWID_WRL,47038 BCE,201.58
World,OWID_WRL,46478 BCE,200.98
World,OWID_WRL,46273 BCE,206.18
World,OWID_WRL,45994 BCE,205.66
World,OWID_WRL,45760 BCE,203.79
World,OWID_WRL,45574 BCE,204.26
World,OWID_WRL,45365 BCE,207.6
World,OWID_WRL,45136 BCE,210.27
World,OWID_WRL,44938 BCE,210.84
World,OWID_WRL,44796 BCE,214.18
World,OWID_WRL,44686 BCE,216.42
World,OWID_WRL,44359 BCE,218.35
World,OWID_WRL,44231 BCE,219.25
World,OWID_WRL,44107 BCE,221.77
World,OWID_WRL,43927 BCE,222.72
World,OWID_WRL,43746 BCE,217.51
World,OWID_WRL,43510 BCE,214.5
World,OWID_WRL,43330 BCE,213.92
World,OWID_WRL,43192 BCE,207.95
World,OWID_WRL,43046 BCE,211.49
World,OWID_WRL,42866 BCE,210.44
World,OWID_WRL,42706 BCE,212.29
World,OWID_WRL,42541 BCE,204.83
World,OWID_WRL,42400 BCE,206.22
World,OWID_WRL,42254 BCE,202
World,OWID_WRL,42145 BCE,204.31
World,OWID_WRL,41859 BCE,201.69
World,OWID_WRL,41711 BCE,203.18
World,OWID_WRL,41566 BCE,204.22
World,OWID_WRL,41401 BCE,201.66
World,OWID_WRL,41222 BCE,203.16
World,OWID_WRL,41018 BCE,204.26
World,OWID_WRL,40900 BCE,206.35
World,OWID_WRL,40678 BCE,204.83
World,OWID_WRL,40366 BCE,200.9
World,OWID_WRL,39951 BCE,199.89
World,OWID_WRL,39809 BCE,201.12
World,OWID_WRL,39656 BCE,205.49
World,OWID_WRL,39354 BCE,204.19
World,OWID_WRL,39218 BCE,201.53
World,OWID_WRL,38957 BCE,200.97
World,OWID_WRL,38804 BCE,200.47
World,OWID_WRL,38603 BCE,201.48
World,OWID_WRL,38536 BCE,201.32
World,OWID_WRL,38358 BCE,197.9
World,OWID_WRL,38195 BCE,193.69
World,OWID_WRL,38162 BCE,193.08
World,OWID_WRL,38093 BCE,192.6
World,OWID_WRL,37951 BCE,197.55
World,OWID_WRL,37935 BCE,193.87
World,OWID_WRL,37807 BCE,193.58
World,OWID_WRL,37759 BCE,196.67
World,OWID_WRL,37671 BCE,195.7
World,OWID_WRL,37565 BCE,200.4
World,OWID_WRL,37504 BCE,198.14
World,OWID_WRL,37453 BCE,191.53
World,OWID_WRL,37429 BCE,204.78
World,OWID_WRL,37390 BCE,207.87
World,OWID_WRL,37370 BCE,209.33
World,OWID_WRL,37353 BCE,209.5
World,OWID_WRL,37316 BCE,208.69
World,OWID_WRL,37171 BCE,207.32
World,OWID_WRL,37104 BCE,204.28
World,OWID_WRL,37027 BCE,202.34
World,OWID_WRL,37006 BCE,205.99
World,OWID_WRL,36925 BCE,205.65
World,OWID_WRL,36863 BCE,206.09
World,OWID_WRL,36773 BCE,206.54
World,OWID_WRL,36721 BCE,204.46
World,OWID_WRL,36672 BCE,204.79
World,OWID_WRL,36624 BCE,208.23
World,OWID_WRL,36583 BCE,210.08
World,OWID_WRL,36523 BCE,207.23
World,OWID_WRL,36463 BCE,210.79
World,OWID_WRL,36409 BCE,208
World,OWID_WRL,36334 BCE,207.41
World,OWID_WRL,36242 BCE,206.52
World,OWID_WRL,36216 BCE,208.34
World,OWID_WRL,36139 BCE,214.36
World,OWID_WRL,36050 BCE,211.21
World,OWID_WRL,35945 BCE,214.21
World,OWID_WRL,35827 BCE,212.09
World,OWID_WRL,35698 BCE,212.14
World,OWID_WRL,35669 BCE,214.3
World,OWID_WRL,35511 BCE,209.84
World,OWID_WRL,35481 BCE,212.51
World,OWID_WRL,35388 BCE,206.59
World,OWID_WRL,35352 BCE,209.66
World,OWID_WRL,35347 BCE,208.25
World,OWID_WRL,35193 BCE,207.35
World,OWID_WRL,35169 BCE,210.16
World,OWID_WRL,35073 BCE,206.36
World,OWID_WRL,34990 BCE,203.51
World,OWID_WRL,34870 BCE,202.76
World,OWID_WRL,34763 BCE,203.75
World,OWID_WRL,34720 BCE,203.77
World,OWID_WRL,34642 BCE,205.1
World,OWID_WRL,34556 BCE,198.96
World,OWID_WRL,34312 BCE,200.09
World,OWID_WRL,34223 BCE,201.78
World,OWID_WRL,34137 BCE,204.12
World,OWID_WRL,33998 BCE,198.8
World,OWID_WRL,33905 BCE,203.29
World,OWID_WRL,33752 BCE,200.5
World,OWID_WRL,33723 BCE,201.81
World,OWID_WRL,33618 BCE,201.83
World,OWID_WRL,33581 BCE,201.89
World,OWID_WRL,33559 BCE,202.04
World,OWID_WRL,33547 BCE,201.06
World,OWID_WRL,33496 BCE,200.3
World,OWID_WRL,33433 BCE,201.36
World,OWID_WRL,33409 BCE,203.62
World,OWID_WRL,33387 BCE,204.47
World,OWID_WRL,33332 BCE,205.38
World,OWID_WRL,33216 BCE,203.6
World,OWID_WRL,33140 BCE,198.78
World,OWID_WRL,32917 BCE,203.09
World,OWID_WRL,32876 BCE,202.8
World,OWID_WRL,32761 BCE,197.16
World,OWID_WRL,32698 BCE,198.89
World,OWID_WRL,32670 BCE,200.29
World,OWID_WRL,32653 BCE,199.49
World,OWID_WRL,32607 BCE,199.65
World,OWID_WRL,32384 BCE,196.2
World,OWID_WRL,32363 BCE,196.27
World,OWID_WRL,32301 BCE,195.79
World,OWID_WRL,32240 BCE,194.89
World,OWID_WRL,32114 BCE,195.93
World,OWID_WRL,32042 BCE,195.41
World,OWID_WRL,32007 BCE,196.47
World,OWID_WRL,31976 BCE,194.47
World,OWID_WRL,31958 BCE,194.46
World,OWID_WRL,31936 BCE,195.27
World,OWID_WRL,31891 BCE,195.63
World,OWID_WRL,31808 BCE,200.03
World,OWID_WRL,31605 BCE,197.8
World,OWID_WRL,31541 BCE,197.13
World,OWID_WRL,31468 BCE,196.9
World,OWID_WRL,31198 BCE,197.65
World,OWID_WRL,31059 BCE,196.33
World,OWID_WRL,30931 BCE,196.7
World,OWID_WRL,30863 BCE,199.3
World,OWID_WRL,30764 BCE,195.94
World,OWID_WRL,30728 BCE,195.08
World,OWID_WRL,30645 BCE,194.43
World,OWID_WRL,30561 BCE,194.61
World,OWID_WRL,30485 BCE,194.11
World,OWID_WRL,30411 BCE,195.25
World,OWID_WRL,30358 BCE,192.47
World,OWID_WRL,30201 BCE,196.91
World,OWID_WRL,30198 BCE,196.42
World,OWID_WRL,30130 BCE,193.91
World,OWID_WRL,30077 BCE,193.33
World,OWID_WRL,29984 BCE,192.51
World,OWID_WRL,29868 BCE,192.93
World,OWID_WRL,29842 BCE,193.71
World,OWID_WRL,29574 BCE,189.95
World,OWID_WRL,29406 BCE,188.48
World,OWID_WRL,29155 BCE,188
World,OWID_WRL,28826 BCE,190.33
World,OWID_WRL,28763 BCE,187.14
World,OWID_WRL,28579 BCE,182.94
World,OWID_WRL,28451 BCE,184.3
World,OWID_WRL,28363 BCE,185.99
World,OWID_WRL,28328 BCE,186.52
World,OWID_WRL,28232 BCE,188.48
World,OWID_WRL,28152 BCE,188.25
World,OWID_WRL,28049 BCE,191.57
World,OWID_WRL,28002 BCE,191.38
World,OWID_WRL,27888 BCE,190.97
World,OWID_WRL,27793 BCE,191.28
World,OWID_WRL,27731 BCE,189.77
World,OWID_WRL,27659 BCE,189.24
World,OWID_WRL,27460 BCE,189.21
World,OWID_WRL,27416 BCE,189.83
World,OWID_WRL,27374 BCE,191.01
World,OWID_WRL,27300 BCE,192.39
World,OWID_WRL,27255 BCE,188.1
World,OWID_WRL,27201 BCE,192.26
World,OWID_WRL,27059 BCE,192.87
World,OWID_WRL,26999 BCE,193.26
World,OWID_WRL,26953 BCE,192.69
World,OWID_WRL,26892 BCE,193.89
World,OWID_WRL,26774 BCE,193.8
World,OWID_WRL,26676 BCE,192.82
World,OWID_WRL,26627 BCE,193.1
World,OWID_WRL,26477 BCE,189.65
World,OWID_WRL,26464 BCE,189.16
World,OWID_WRL,26420 BCE,192.63
World,OWID_WRL,26322 BCE,191.59
World,OWID_WRL,26264 BCE,191.82
World,OWID_WRL,26147 BCE,189.96
World,OWID_WRL,26023 BCE,189.29
World,OWID_WRL,25977 BCE,188.99
World,OWID_WRL,25935 BCE,189.28
World,OWID_WRL,25916 BCE,190.58
World,OWID_WRL,25871 BCE,187.59
World,OWID_WRL,25769 BCE,189.3
World,OWID_WRL,25764 BCE,190.61
World,OWID_WRL,25737 BCE,192.71
World,OWID_WRL,25711 BCE,191.46
World,OWID_WRL,25636 BCE,191.95
World,OWID_WRL,25600 BCE,191.53
World,OWID_WRL,25553 BCE,191.23
World,OWID_WRL,25492 BCE,191.95
World,OWID_WRL,25330 BCE,190.06
World,OWID_WRL,25220 BCE,194.93
World,OWID_WRL,25135 BCE,186.27
World,OWID_WRL,25092 BCE,187.39
World,OWID_WRL,25005 BCE,188.08
World,OWID_WRL,24908 BCE,186.43
World,OWID_WRL,24754 BCE,185.44
World,OWID_WRL,24587 BCE,185.51
World,OWID_WRL,24511 BCE,186.01
World,OWID_WRL,24365 BCE,183.77
World,OWID_WRL,24305 BCE,184.57
World,OWID_WRL,24066 BCE,184.52
World,OWID_WRL,23836 BCE,186.54
World,OWID_WRL,23594 BCE,183.38
World,OWID_WRL,23401 BCE,182.66
World,OWID_WRL,23214 BCE,180.69
World,OWID_WRL,22694 BCE,180.57
World,OWID_WRL,22320 BCE,186.73
World,OWID_WRL,22128 BCE,184.68
World,OWID_WRL,21924 BCE,183.13
World,OWID_WRL,21651 BCE,187.99
World,OWID_WRL,21495 BCE,186.78
World,OWID_WRL,21408 BCE,193.53
World,OWID_WRL,21327 BCE,197.67
World,OWID_WRL,21235 BCE,188.6
World,OWID_WRL,21157 BCE,190.08
World,OWID_WRL,21064 BCE,190.53
World,OWID_WRL,21044 BCE,189.4
World,OWID_WRL,20884 BCE,186.13
World,OWID_WRL,20799 BCE,190.01
World,OWID_WRL,20701 BCE,188.49
World,OWID_WRL,20654 BCE,185.21
World,OWID_WRL,20600 BCE,184.68
World,OWID_WRL,20398 BCE,187.02
World,OWID_WRL,20342 BCE,187.22
World,OWID_WRL,20281 BCE,191.27
World,OWID_WRL,20106 BCE,187.38
World,OWID_WRL,19964 BCE,190.78
World,OWID_WRL,19841 BCE,187.96
World,OWID_WRL,19613 BCE,185.23
World,OWID_WRL,19395 BCE,187.24
World,OWID_WRL,19263 BCE,190.05
World,OWID_WRL,19118 BCE,188.4
World,OWID_WRL,19014 BCE,190.87
World,OWID_WRL,18878 BCE,192.66
World,OWID_WRL,18716 BCE,187.76
World,OWID_WRL,18587 BCE,193.93
World,OWID_WRL,18458 BCE,189.99
World,OWID_WRL,18263 BCE,190.47
World,OWID_WRL,18069 BCE,193.72
World,OWID_WRL,17934 BCE,196.06
World,OWID_WRL,17841 BCE,193.6
World,OWID_WRL,17679 BCE,191.42
World,OWID_WRL,17618 BCE,188.95
World,OWID_WRL,17493 BCE,191.52
World,OWID_WRL,17332 BCE,191.58
World,OWID_WRL,17203 BCE,191.09
World,OWID_WRL,17044 BCE,192.71
World,OWID_WRL,16917 BCE,188.5
World,OWID_WRL,16885 BCE,188.44
World,OWID_WRL,16854 BCE,192.97
World,OWID_WRL,16797 BCE,191.27
World,OWID_WRL,16727 BCE,193.9
World,OWID_WRL,16633 BCE,188.57
World,OWID_WRL,16570 BCE,187.67
World,OWID_WRL,16537 BCE,187.09
World,OWID_WRL,16508 BCE,187.45
World,OWID_WRL,16472 BCE,188.47
World,OWID_WRL,16441 BCE,188.21
World,OWID_WRL,16410 BCE,188.73
World,OWID_WRL,16374 BCE,187.12
World,OWID_WRL,16346 BCE,189.03
World,OWID_WRL,16315 BCE,188.52
World,OWID_WRL,16282 BCE,188.88
World,OWID_WRL,16252 BCE,185.65
World,OWID_WRL,16223 BCE,189.01
World,OWID_WRL,16190 BCE,184.88
World,OWID_WRL,16161 BCE,188.59
World,OWID_WRL,16132 BCE,188.64
World,OWID_WRL,16100 BCE,187.73
World,OWID_WRL,16074 BCE,187.79
World,OWID_WRL,16042 BCE,188.96
World,OWID_WRL,16016 BCE,188.66
World,OWID_WRL,15986 BCE,188.54
World,OWID_WRL,15957 BCE,191.72
World,OWID_WRL,15931 BCE,190.26
World,OWID_WRL,15905 BCE,189.52
World,OWID_WRL,15875 BCE,191.21
World,OWID_WRL,15848 BCE,187.25
World,OWID_WRL,15820 BCE,191.7
World,OWID_WRL,15794 BCE,190.41
World,OWID_WRL,15767 BCE,189.52
World,OWID_WRL,15741 BCE,191.52
World,OWID_WRL,15715 BCE,194.38
World,OWID_WRL,15688 BCE,193.21
World,OWID_WRL,15662 BCE,195.79
World,OWID_WRL,15636 BCE,196.96
World,OWID_WRL,15611 BCE,192.62
World,OWID_WRL,15585 BCE,192.37
World,OWID_WRL,15561 BCE,191.59
World,OWID_WRL,15535 BCE,191.48
World,OWID_WRL,15511 BCE,193
World,OWID_WRL,15485 BCE,190.76
World,OWID_WRL,15460 BCE,191.89
World,OWID_WRL,15435 BCE,193.02
World,OWID_WRL,15410 BCE,190.5
World,OWID_WRL,15362 BCE,194.65
World,OWID_WRL,15338 BCE,195.88
World,OWID_WRL,15286 BCE,198.29
World,OWID_WRL,15214 BCE,198.63
World,OWID_WRL,15142 BCE,202.1
World,OWID_WRL,15045 BCE,204.32
World,OWID_WRL,14979 BCE,202.93
World,OWID_WRL,14919 BCE,205.19
World,OWID_WRL,14848 BCE,205.53
World,OWID_WRL,14784 BCE,210.25
World,OWID_WRL,14706 BCE,213.15
World,OWID_WRL,14640 BCE,208.46
World,OWID_WRL,14604 BCE,208.65
World,OWID_WRL,14560 BCE,207.95
World,OWID_WRL,14522 BCE,213.94
World,OWID_WRL,14508 BCE,217.19
World,OWID_WRL,14481 BCE,211.79
World,OWID_WRL,14461 BCE,212.95
World,OWID_WRL,14442 BCE,209.51
World,OWID_WRL,14425 BCE,211.21
World,OWID_WRL,14404 BCE,214.83
World,OWID_WRL,14387 BCE,212.43
World,OWID_WRL,14367 BCE,214.6
World,OWID_WRL,14347 BCE,212.84
World,OWID_WRL,14329 BCE,214.22
World,OWID_WRL,14311 BCE,218.56
World,OWID_WRL,14291 BCE,220.49
World,OWID_WRL,14273 BCE,223.24
World,OWID_WRL,14259 BCE,227.32
World,OWID_WRL,14237 BCE,221.49
World,OWID_WRL,14217 BCE,226.19
World,OWID_WRL,14201 BCE,224.86
World,OWID_WRL,14164 BCE,222.41
World,OWID_WRL,14133 BCE,224.24
World,OWID_WRL,14084 BCE,224.48
World,OWID_WRL,14065 BCE,222.39
World,OWID_WRL,14049 BCE,224.41
World,OWID_WRL,14045 BCE,223.72
World,OWID_WRL,13987 BCE,223.77
World,OWID_WRL,13970 BCE,223.51
World,OWID_WRL,13895 BCE,222.36
World,OWID_WRL,13818 BCE,224.86
World,OWID_WRL,13755 BCE,222.16
World,OWID_WRL,13699 BCE,222.76
World,OWID_WRL,13596 BCE,223.53
World,OWID_WRL,13513 BCE,223.27
World,OWID_WRL,13460 BCE,224.74
World,OWID_WRL,13433 BCE,225.39
World,OWID_WRL,13395 BCE,228.92
World,OWID_WRL,13371 BCE,227.64
World,OWID_WRL,13331 BCE,225.77
World,OWID_WRL,13293 BCE,228.27
World,OWID_WRL,13269 BCE,230.18
World,OWID_WRL,13231 BCE,227.84
World,OWID_WRL,13207 BCE,228.81
World,OWID_WRL,13184 BCE,229.67
World,OWID_WRL,13146 BCE,234.47
World,OWID_WRL,13123 BCE,228.99
World,OWID_WRL,13085 BCE,225.38
World,OWID_WRL,13061 BCE,228.37
World,OWID_WRL,13037 BCE,227.65
World,OWID_WRL,13026 BCE,229.79
World,OWID_WRL,13004 BCE,228.89
World,OWID_WRL,12979 BCE,228.47
World,OWID_WRL,12966 BCE,228.36
World,OWID_WRL,12954 BCE,228.72
World,OWID_WRL,12942 BCE,230.63
World,OWID_WRL,12931 BCE,227.85
World,OWID_WRL,12919 BCE,232.22
World,OWID_WRL,12908 BCE,233.17
World,OWID_WRL,12895 BCE,227.87
World,OWID_WRL,12885 BCE,228.4
World,OWID_WRL,12872 BCE,226.51
World,OWID_WRL,12861 BCE,227.58
World,OWID_WRL,12849 BCE,228.5
World,OWID_WRL,12838 BCE,227.79
World,OWID_WRL,12826 BCE,227.39
World,OWID_WRL,12813 BCE,224.64
World,OWID_WRL,12809 BCE,227.9
World,OWID_WRL,12793 BCE,231.48
World,OWID_WRL,12781 BCE,234.54
World,OWID_WRL,12768 BCE,230.53
World,OWID_WRL,12757 BCE,228.18
World,OWID_WRL,12747 BCE,228.91
World,OWID_WRL,12736 BCE,237.49
World,OWID_WRL,12725 BCE,234.34
World,OWID_WRL,12714 BCE,233.42
World,OWID_WRL,12702 BCE,234.62
World,OWID_WRL,12695 BCE,238.12
World,OWID_WRL,12680 BCE,240.1
World,OWID_WRL,12669 BCE,237.97
World,OWID_WRL,12656 BCE,237.59
World,OWID_WRL,12645 BCE,235.31
World,OWID_WRL,12636 BCE,237.97
World,OWID_WRL,12626 BCE,239.77
World,OWID_WRL,12614 BCE,239.86
World,OWID_WRL,12603 BCE,241.73
World,OWID_WRL,12592 BCE,235.83
World,OWID_WRL,12581 BCE,243.17
World,OWID_WRL,12571 BCE,241.14
World,OWID_WRL,12547 BCE,242.06
World,OWID_WRL,12514 BCE,238.61
World,OWID_WRL,12493 BCE,240.95
World,OWID_WRL,12472 BCE,242.6
World,OWID_WRL,12461 BCE,242.55
World,OWID_WRL,12425 BCE,240.33
World,OWID_WRL,12404 BCE,238.39
World,OWID_WRL,12393 BCE,242.08
World,OWID_WRL,12359 BCE,235.8
World,OWID_WRL,12349 BCE,239.04
World,OWID_WRL,12323 BCE,240.21
World,OWID_WRL,12287 BCE,236.6
World,OWID_WRL,12256 BCE,238.36
World,OWID_WRL,12230 BCE,239.36
World,OWID_WRL,12207 BCE,239.24
World,OWID_WRL,12170 BCE,236.4
World,OWID_WRL,12134 BCE,232.88
World,OWID_WRL,12110 BCE,241.27
World,OWID_WRL,12073 BCE,237.87
World,OWID_WRL,12052 BCE,235.92
World,OWID_WRL,11990 BCE,240.57
World,OWID_WRL,11922 BCE,237.95
World,OWID_WRL,11877 BCE,239.08
World,OWID_WRL,11809 BCE,241.11
World,OWID_WRL,11763 BCE,241.59
World,OWID_WRL,11695 BCE,238.55
World,OWID_WRL,11651 BCE,243.86
World,OWID_WRL,11582 BCE,235.83
World,OWID_WRL,11537 BCE,240.25
World,OWID_WRL,11468 BCE,237.83
World,OWID_WRL,11354 BCE,236.86
World,OWID_WRL,11317 BCE,240.42
World,OWID_WRL,11266 BCE,239.41
World,OWID_WRL,11223 BCE,236.91
World,OWID_WRL,11178 BCE,234.82
World,OWID_WRL,11138 BCE,241.56
World,OWID_WRL,11117 BCE,237.91
World,OWID_WRL,11094 BCE,238.86
World,OWID_WRL,11072 BCE,234.68
World,OWID_WRL,11051 BCE,239.42
World,OWID_WRL,11031 BCE,237.15
World,OWID_WRL,11010 BCE,240.71
World,OWID_WRL,10989 BCE,238.18
World,OWID_WRL,10967 BCE,238.79
World,OWID_WRL,10943 BCE,239.44
World,OWID_WRL,10924 BCE,241.24
World,OWID_WRL,10903 BCE,239.35
World,OWID_WRL,10880 BCE,242.15
World,OWID_WRL,10859 BCE,242.23
World,OWID_WRL,10836 BCE,241.5
World,OWID_WRL,10813 BCE,240.02
World,OWID_WRL,10790 BCE,247.3
World,OWID_WRL,10770 BCE,241.59
World,OWID_WRL,10747 BCE,244.24
World,OWID_WRL,10724 BCE,242.53
World,OWID_WRL,10704 BCE,243.95
World,OWID_WRL,10680 BCE,246.94
World,OWID_WRL,10658 BCE,248.09
World,OWID_WRL,10637 BCE,247.02
World,OWID_WRL,10615 BCE,244.27
World,OWID_WRL,10594 BCE,249.92
World,OWID_WRL,10571 BCE,246.74
World,OWID_WRL,10546 BCE,244.42
World,OWID_WRL,10525 BCE,246.18
World,OWID_WRL,10505 BCE,245.83
World,OWID_WRL,10482 BCE,247.67
World,OWID_WRL,10459 BCE,246.4
World,OWID_WRL,10438 BCE,243
World,OWID_WRL,10415 BCE,244.31
World,OWID_WRL,10393 BCE,246.97
World,OWID_WRL,10371 BCE,250.73
World,OWID_WRL,10351 BCE,248.92
World,OWID_WRL,10331 BCE,249.38
World,OWID_WRL,10306 BCE,248.95
World,OWID_WRL,10283 BCE,249.23
World,OWID_WRL,10261 BCE,249.65
World,OWID_WRL,10240 BCE,250.97
World,OWID_WRL,10218 BCE,251.42
World,OWID_WRL,10196 BCE,251.14
World,OWID_WRL,10175 BCE,253.02
World,OWID_WRL,10155 BCE,255.66
World,OWID_WRL,10130 BCE,251.03
World,OWID_WRL,10109 BCE,253.1
World,OWID_WRL,10087 BCE,248.41
World,OWID_WRL,10066 BCE,247.85
World,OWID_WRL,10041 BCE,255.39
World,OWID_WRL,10020 BCE,253.99
World,OWID_WRL,9998 BCE,248.92
World,OWID_WRL,9977 BCE,258.57
World,OWID_WRL,9955 BCE,255.9
World,OWID_WRL,9933 BCE,251.56
World,OWID_WRL,9913 BCE,253.63
World,OWID_WRL,9893 BCE,254.31
World,OWID_WRL,9871 BCE,257.17
World,OWID_WRL,9853 BCE,258.53
World,OWID_WRL,9831 BCE,258.25
World,OWID_WRL,9809 BCE,258.74
World,OWID_WRL,9791 BCE,255.89
World,OWID_WRL,9770 BCE,256.04
World,OWID_WRL,9751 BCE,253.99
World,OWID_WRL,9733 BCE,254.62
World,OWID_WRL,9715 BCE,247.55
World,OWID_WRL,9698 BCE,257.13
World,OWID_WRL,9679 BCE,266.22
World,OWID_WRL,9661 BCE,261.3
World,OWID_WRL,9642 BCE,260.7
World,OWID_WRL,9626 BCE,267.09
World,OWID_WRL,9610 BCE,262.74
World,OWID_WRL,9594 BCE,266.9
World,OWID_WRL,9574 BCE,269.51
World,OWID_WRL,9557 BCE,267.66
World,OWID_WRL,9540 BCE,267.17
World,OWID_WRL,9523 BCE,269.1
World,OWID_WRL,9503 BCE,268.87
World,OWID_WRL,9486 BCE,270.14
World,OWID_WRL,9467 BCE,264.48
World,OWID_WRL,9450 BCE,268.16
World,OWID_WRL,9433 BCE,264.84
World,OWID_WRL,9389 BCE,264.81
World,OWID_WRL,9367 BCE,264.1
World,OWID_WRL,9307 BCE,264.4
World,OWID_WRL,9251 BCE,265.3
World,OWID_WRL,9236 BCE,265
World,OWID_WRL,9211 BCE,264.8
World,OWID_WRL,9140 BCE,264.8
World,OWID_WRL,9004 BCE,267.6
World,OWID_WRL,8886 BCE,265.1
World,OWID_WRL,8852 BCE,266
World,OWID_WRL,8730 BCE,266.9
World,OWID_WRL,8556 BCE,267.5
World,OWID_WRL,8417 BCE,264.9
World,OWID_WRL,8350 BCE,265.7
World,OWID_WRL,8243 BCE,263.4
World,OWID_WRL,8185 BCE,264
World,OWID_WRL,8043 BCE,264.2
World,OWID_WRL,7951 BCE,264.4
World,OWID_WRL,7623 BCE,263.8
World,OWID_WRL,7606 BCE,263
World,OWID_WRL,7574 BCE,260.9
World,OWID_WRL,7568 BCE,260.6
World,OWID_WRL,7487 BCE,265.2
World,OWID_WRL,7411 BCE,263.8
World,OWID_WRL,7345 BCE,263.7
World,OWID_WRL,7193 BCE,262
World,OWID_WRL,7110 BCE,259.3
World,OWID_WRL,7043 BCE,260.4
World,OWID_WRL,6962 BCE,260.9
World,OWID_WRL,6831 BCE,259
World,OWID_WRL,6761 BCE,261.8
World,OWID_WRL,6597 BCE,260.7
World,OWID_WRL,6510 BCE,261.3
World,OWID_WRL,6402 BCE,258.3
World,OWID_WRL,6245 BCE,259.3
World,OWID_WRL,6166 BCE,259.6
World,OWID_WRL,6026 BCE,260.8
World,OWID_WRL,5976 BCE,259.2
World,OWID_WRL,5910 BCE,259.7
World,OWID_WRL,5770 BCE,260.4
World,OWID_WRL,5711 BCE,260.1
World,OWID_WRL,5548 BCE,258.4
World,OWID_WRL,5455 BCE,260.7
World,OWID_WRL,5324 BCE,263
World,OWID_WRL,5238 BCE,262.3
World,OWID_WRL,5088 BCE,257.6
World,OWID_WRL,5020 BCE,258.1
World,OWID_WRL,4930 BCE,262.9
World,OWID_WRL,4820 BCE,262.1
World,OWID_WRL,4733 BCE,259.4
World,OWID_WRL,4622 BCE,261.1
World,OWID_WRL,4451 BCE,261.2
World,OWID_WRL,4387 BCE,262.7
World,OWID_WRL,4352 BCE,263.2
World,OWID_WRL,4140 BCE,265.5
World,OWID_WRL,4049 BCE,266.7
World,OWID_WRL,3984 BCE,260.7
World,OWID_WRL,3902 BCE,265.5
World,OWID_WRL,3808 BCE,265.9
World,OWID_WRL,3631 BCE,267.6
World,OWID_WRL,3583 BCE,265.2
World,OWID_WRL,3408 BCE,265.3
World,OWID_WRL,3361 BCE,267.6
World,OWID_WRL,3269 BCE,269.8
World,OWID_WRL,3137 BCE,268.6
World,OWID_WRL,3032 BCE,269.3
World,OWID_WRL,2971 BCE,270.7
World,OWID_WRL,2823 BCE,271.5
World,OWID_WRL,2697 BCE,269.8
World,OWID_WRL,2643 BCE,269.1
World,OWID_WRL,2544 BCE,271.1
World,OWID_WRL,2393 BCE,271.5
World,OWID_WRL,2325 BCE,272.8
World,OWID_WRL,2256 BCE,271.6
World,OWID_WRL,2159 BCE,271.7
World,OWID_WRL,2019 BCE,274.9
World,OWID_WRL,1906 BCE,275.4
World,OWID_WRL,1857 BCE,271.5
World,OWID_WRL,1743 BCE,273
World,OWID_WRL,1694 BCE,273.4
World,OWID_WRL,1578 BCE,275
World,OWID_WRL,1481 BCE,274
World,OWID_WRL,1334 BCE,273.1
World,OWID_WRL,1306 BCE,276.3
World,OWID_WRL,1107 BCE,274.6
World,OWID_WRL,999 BCE,276.3
World,OWID_WRL,955 BCE,274.7
World,OWID_WRL,852 BCE,275.3
World,OWID_WRL,758 BCE,278.9
World,OWID_WRL,678 BCE,273.9
World,OWID_WRL,576 BCE,277.9
World,OWID_WRL,464 BCE,277.6
World,OWID_WRL,316 BCE,276.7
World,OWID_WRL,284 BCE,276.7
World,OWID_WRL,143 BCE,276.9
World,OWID_WRL,50 BCE,278
World,OWID_WRL,1,276.7
World,OWID_WRL,30,277.9
World,OWID_WRL,56,277.4
World,OWID_WRL,104,277.5
World,OWID_WRL,136,278.1
World,OWID_WRL,154,278.07
World,OWID_WRL,175,277.56
World,OWID_WRL,241,280.25
World,OWID_WRL,266,278.31
World,OWID_WRL,274,280.24
World,OWID_WRL,296,280.91
World,OWID_WRL,318,281.69
World,OWID_WRL,357,277.8
World,OWID_WRL,384,277.25
World,OWID_WRL,406,279.13
World,OWID_WRL,437,280
World,OWID_WRL,488,277.11
World,OWID_WRL,518,276.79
World,OWID_WRL,552,276.56
World,OWID_WRL,557,278.46
World,OWID_WRL,582,276.2
World,OWID_WRL,615,277.87
World,OWID_WRL,637,279.59
World,OWID_WRL,669,278.45
World,OWID_WRL,701,277.1
World,OWID_WRL,730,279.99
World,OWID_WRL,762,279.29
World,OWID_WRL,793,279.72
World,OWID_WRL,822,278.62
World,OWID_WRL,875,279.42
World,OWID_WRL,914,280.11
World,OWID_WRL,958,277.41
World,OWID_WRL,983,278.74
World,OWID_WRL,1018,279.8
World,OWID_WRL,1019,280.06
World,OWID_WRL,1040,280.92
World,OWID_WRL,1049,280.97
World,OWID_WRL,1070,282.84
World,OWID_WRL,1099,283.09
World,OWID_WRL,1116,282.84
World,OWID_WRL,1146,284.51
World,OWID_WRL,1166,283.97
World,OWID_WRL,1200,284.54
World,OWID_WRL,1211,283.69
World,OWID_WRL,1251,282.41
World,OWID_WRL,1260,282.2
World,OWID_WRL,1278,278.43
World,OWID_WRL,1307,281.58
World,OWID_WRL,1330,284.07
World,OWID_WRL,1349,278.36
World,OWID_WRL,1390,280.91
World,OWID_WRL,1411,279.7
World,OWID_WRL,1429,279.73
World,OWID_WRL,1449,282.23
World,OWID_WRL,1469,280.31
World,OWID_WRL,1502,283.12
World,OWID_WRL,1530,283.95
World,OWID_WRL,1550,283.53
World,OWID_WRL,1560,281.83
World,OWID_WRL,1573,282.57
World,OWID_WRL,1588,281.11
World,OWID_WRL,1591,279.36
World,OWID_WRL,1603,275.07
World,OWID_WRL,1609,271.11
World,OWID_WRL,1629,273.78
World,OWID_WRL,1640,276.69
World,OWID_WRL,1649,278.02
World,OWID_WRL,1682,276.66
World,OWID_WRL,1690,276.32
World,OWID_WRL,1694,277.36
World,OWID_WRL,1723,277.64
World,OWID_WRL,1734,278.31
World,OWID_WRL,1741,276.81
World,OWID_WRL,1749,277.6
World,OWID_WRL,1752,277.23
World,OWID_WRL,1763,277.16
World,OWID_WRL,1764,276.4
World,OWID_WRL,1773,277.86
World,OWID_WRL,1779,280.24
World,OWID_WRL,1780,273.07
World,OWID_WRL,1794,281.62
World,OWID_WRL,1796,281.35
World,OWID_WRL,1799,282.8
World,OWID_WRL,1814,284.43
World,OWID_WRL,1825,281.36
World,OWID_WRL,1827,285.91
World,OWID_WRL,1833,284.45
World,OWID_WRL,1837,284.15
World,OWID_WRL,1841,283.65
World,OWID_WRL,1843,281.58
World,OWID_WRL,1844,283.53
World,OWID_WRL,1845,283.18
World,OWID_WRL,1846,283.62
World,OWID_WRL,1847,286.84
World,OWID_WRL,1850,284
World,OWID_WRL,1851,287.13
World,OWID_WRL,1854,288.05
World,OWID_WRL,1855,285.57
World,OWID_WRL,1857,283.16
World,OWID_WRL,1859,286.63
World,OWID_WRL,1862,287.17
World,OWID_WRL,1863,285.35
World,OWID_WRL,1864,286.65
World,OWID_WRL,1867,285.05
World,OWID_WRL,1868,288.76
World,OWID_WRL,1870,287.16
World,OWID_WRL,1873,286.66
World,OWID_WRL,1874,291.56
World,OWID_WRL,1877,289.33
World,OWID_WRL,1880,287.77
World,OWID_WRL,1883,292.46
World,OWID_WRL,1884,289.49
World,OWID_WRL,1886,288.12
World,OWID_WRL,1887,294.34
World,OWID_WRL,1889,292.34
World,OWID_WRL,1890,290.92
World,OWID_WRL,1892,295.17
World,OWID_WRL,1893,295.09
World,OWID_WRL,1894,293.49
World,OWID_WRL,1899,296.16
World,OWID_WRL,1900,294.22
World,OWID_WRL,1902,295.61
World,OWID_WRL,1904,295.99
World,OWID_WRL,1905,299.02
World,OWID_WRL,1906,298.48
World,OWID_WRL,1909,301.5
World,OWID_WRL,1910,297.87
World,OWID_WRL,1911,298.36
World,OWID_WRL,1913,301.3
World,OWID_WRL,1914,300.7
World,OWID_WRL,1916,301.92
World,OWID_WRL,1918,303.85
World,OWID_WRL,1919,304.61
World,OWID_WRL,1920,301.88
World,OWID_WRL,1923,304.69
World,OWID_WRL,1925,304.84
World,OWID_WRL,1928,306.84
World,OWID_WRL,1929,305.62
World,OWID_WRL,1931,305.74
World,OWID_WRL,1932,308.26
World,OWID_WRL,1933,307.11
World,OWID_WRL,1934,308.35
World,OWID_WRL,1935,306.32
World,OWID_WRL,1936,308.3
World,OWID_WRL,1937,307.41
World,OWID_WRL,1938,311.07
World,OWID_WRL,1939,310.83
World,OWID_WRL,1940,310.38
World,OWID_WRL,1941,309.77
World,OWID_WRL,1942,312.37
World,OWID_WRL,1944,312.36
World,OWID_WRL,1945,310.94
World,OWID_WRL,1946,312.26
World,OWID_WRL,1947,311.61
World,OWID_WRL,1948,311.57
World,OWID_WRL,1949,309.69
World,OWID_WRL,1950,312.83
World,OWID_WRL,1952,312.18
World,OWID_WRL,1954,312.73
World,OWID_WRL,1955,314.71
World,OWID_WRL,1956,315.34
World,OWID_WRL,1957,315.34
World,OWID_WRL,1958,315.34
World,OWID_WRL,1959,315.97
World,OWID_WRL,1960,316.91
World,OWID_WRL,1961,317.64
World,OWID_WRL,1962,318.45
World,OWID_WRL,1963,318.99
World,OWID_WRL,1964,319.62
World,OWID_WRL,1965,320.04
World,OWID_WRL,1966,321.38
World,OWID_WRL,1967,322.16
World,OWID_WRL,1968,323.04
World,OWID_WRL,1969,324.62
World,OWID_WRL,1970,325.68
World,OWID_WRL,1971,326.32
World,OWID_WRL,1972,327.45
World,OWID_WRL,1973,329.68
World,OWID_WRL,1974,330.18
World,OWID_WRL,1975,331.11
World,OWID_WRL,1976,332.04
World,OWID_WRL,1977,333.83
World,OWID_WRL,1978,335.4
World,OWID_WRL,1979,336.84
World,OWID_WRL,1980,338.75
World,OWID_WRL,1981,340.11
World,OWID_WRL,1982,341.45
World,OWID_WRL,1983,343.05
World,OWID_WRL,1984,344.65
World,OWID_WRL,1985,346.12
World,OWID_WRL,1986,347.42
World,OWID_WRL,1987,349.19
World,OWID_WRL,1988,351.57
World,OWID_WRL,1989,353.12
World,OWID_WRL,1990,354.39
World,OWID_WRL,1991,355.61
World,OWID_WRL,1992,356.45
World,OWID_WRL,1993,357.1
World,OWID_WRL,1994,358.83
World,OWID_WRL,1995,360.82
World,OWID_WRL,1996,362.61
World,OWID_WRL,1997,363.73
World,OWID_WRL,1998,366.7
World,OWID_WRL,1999,368.38
World,OWID_WRL,2000,369.55
World,OWID_WRL,2001,371.14
World,OWID_WRL,2002,373.28
World,OWID_WRL,2003,375.8
World,OWID_WRL,2004,377.52
World,OWID_WRL,2005,379.8
World,OWID_WRL,2006,381.9
World,OWID_WRL,2007,383.79
World,OWID_WRL,2008,385.6
World,OWID_WRL,2009,387.43
World,OWID_WRL,2010,389.9
World,OWID_WRL,2011,391.65
World,OWID_WRL,2012,393.85
World,OWID_WRL,2013,396.52
World,OWID_WRL,2014,398.65
World,OWID_WRL,2015,400.83
World,OWID_WRL,2016,404.24
World,OWID_WRL,2017,406.55
World,OWID_WRL,2018,408.52