,Job Title,Salary Estimate,Job Description,Rating,Company Name,Location,Headquarters,Size,Founded,Type of ownership,Industry,Sector,Revenue,Competitors
0,Data Analyst,-1,"About Glovo:


We're a Barcelona-based startup and the fastest-growing delivery player in Europe, Hispanic America and Africa. With food at the core of the business, Glovo delivers any product within your city at any time of day. We currently deliver over +100M annual orders and operate in 22 countries, and in over +300 cities.

Our vision and ambition are not only to make everything immediately available in your city but it is also to offer our employees the job of their lives. A job where you'll be challenged and have the most fun working in through tech-enabled experiences.

Your work-life opportunity:


Glovo (glovoapp.com) is looking for a world-class Data Analyst. We are looking for four different levels in the company, ranging from mid to senior.
Do you rather read numbers than books? Are you looking for a challenging experience in the fastest growing Startups of Barcelona - helping build a product that will disrupt the On-demand market? If your answer is YES we are looking forward to meet you.

Be a part of a team where you will:

Take ownership of reporting of KPIs by creating customized tools or using the available ones
Ensure these tools are scalable and up-to-date
Understand business needs and produce insightful analyses for internal teams to make the right decision
Act as an internal consultant to translate business questions into insights
A/B test the launch of new features
Assist colleagues in gaining access to the right data
Mentor junior colleagues
Build robust relationships with key business stakeholders

You have:


At least 3 years of work experience providing internal teams with the necessary data to make the right decisions
Proficient with SQL
Amazon Redshift experience is highly desirable
Proficiency in Python and orR
Knowledge of visualization tools like Tableau, Looker, Qlikview
Previous experience in programming is desirable
Bachelor's degree in a quantitative field
Experience at to managing a small team
Proficiency in English is a must
Experience our Glovo Life benefits:


Enticing Phantom Shares plan
Attractive Relocation package (if applicable ;))
Comprehensive Private Health Insurance
Cobee discounts on kindergarten, transportation, and food
Free monthly Glovo credits to spend on our restaurant products (and zero Glovo delivery fee on all Glovo orders!)
Cool perks such as fresh fruit and healthy snacks every day, beers on Fridays, Culture Days every 2 months!
Discounted Gym memberships
Flexible working environment
What you'll find when working at Glovo:
Gas: We work hard with energy and passion for what we do.
Care: We act in the best interest of a sustainable future.
Good vibes: We always see the positive side in every situation and act with fairness and honesty with everyone.
Stay Humble: We embrace mistakes and feedback to learn from them.
Glownership: We roll up our sleeves and get work done no matter our position and level.
If you believe you match these values, we look forward to meeting you!

Glovo is transforming the way consumers access local goods, enabling anyone to get almost any product delivered in minutes. Our on-demand logistics connect customers with independent local couriers who acquire goods from any restaurant or store in a city, as well as deliver urgent packages for a variable fee. As of September 30, 2019, we're currently present in more than 26 countries across Europe, Latin America, Africa, and Asia.

For additional information on Glovo, please visit https://glovoapp.com/ | Twitter: @Glovo_ES | Facebook: https://www.facebook.com/glovoappES/ | LinkedIn: https://www.linkedin.com/company/glovo-app/",4.3,"Glovo
4.3",Barcelona,-1,-1,-1,-1,-1,Internet,-1,-1
1,Data Analyst,-1,"We are looking for the most awesome Data Analyst, capable of seeing opportunities hidden inside our data, with super-analytical skills, the fastest one with spreadsheets and the most powerful analytics software. We need you to get actionable insights lightning fast. You will push this rocket towards new galaxies of payments.

What you will be doing:
Own and lead BI efforts to create dashboards and reports to provide key KPI insights
Improve and maintain ETL processes
Data Modelling and Explores design in LookML language
Work with operations, growth and management teams to provide analytics
Measure quality of users
Data visualization for business purposes
Design of A/B tests and find statistically significant conclusions
Ensure data quality always promoting a data driven culture
Understand through and through Looker - our BI platform
Support department’s managers with data inquires
Requirements
Bachelor’s Degree in quantitative field such as Mathematics, Statistics, Computer Science or similar
Knowledge of Data Engineering and/or ETL
Experience with Looker (dashboards, LookML)
Ability to write advanced queries in SQL and working knowledge of database (PostgreSQL, Big Query)
You have worked with cloud computing platforms such as Google Cloud and/or AWS
Experience extracting advanced business insights from data
Knowledge of Python
Experience or deep-knowledge of data models
Demonstrable experience creating dashboards and monitoring tools
Knowledge of Firebase or Google Analytics is a plus
Experience extracting advanced business insights from data
High communication skills to understand and require feedback from developers, marketing needs and main objectives of the company
Proactivity, ownership and ability to work autonomously in fast paced environment
Benefits
Excellent place to work
Amazing offices in the city center of Barcelona
Being part of a talented, multicultural and dynamic team
Healthy lunch, fresh fruit, juices, and coffee whenever you want
Training / Meetups
Referral Bonus",4.5,"Verse Technologies Inc
4.5",Barcelona,-1,-1,-1,-1,-1,-1,-1,-1
2,Data Analyst,-1,"Stuart is a leading last-mile delivery platform that connects small and big businesses to a fleet of geolocalised couriers�� �� We empower thousands of companies across Europe by providing same-day delivery, next-day delivery and return solutions. We work across verticals with retailers, grocery stores, restaurants and e-commerce merchants to enable smarter transportation models.

We are looking for a Data Analyst who enjoys wrangling data and generating insights and who feels at home writing SQL queries and Python/R scripts to join our team. This is a great opportunity to grow your career at a young and agile yet global company and have a real impact on Stuart’s business, partners and customers ��

To scale our data reporting operations further as we grow, we’re building a ��global Business Intelligence team with the main goal of making data available and accessible across the company via a state of the art reporting engine comprising a central “source of truth” data warehouse (Redshift) and a portfolio of self-serve analysis and reporting tools.

You will report to Ibrahim Elkadi, Head of Business Intelligence based in Paris ����and work closely with Camille Lemaitre. Our office is located in Carrer de Pau Claris, 186 08037 Barcelona, one street away from Gaudi's famous Casa Milà.

Responsibilities
Analyse data from different sources and provide actionable insights to business and engineering stakeholders
Understand the analytical needs and gather requirements from all relevant stakeholders
Build analytical dashboards and reports that best communicate relevant KPIs to stakeholders
Document and maintain our data dictionaries and metric definitions
Ensure the smooth running of the ETLs and act as a bridge between business stakeholders and data engineers
Build tools to automate data quality and governance checks
Remove obstacles and ensure data availability and accessibility for all stakeholders
Requirements
3+ years of experience working with SQL, data warehousing and MS Excel
2+ years of experience working with Python and its relevant data analysis modules (pandas, numpy, matplotlib, ...etc.)
Experience with reporting and data visualization tools such as Tableau, Periscope, PowerBI or others
Basic understanding of data modelling and database design
Possesses excellent communication skills both verbal and written (ability to present detailed technical analysis, assumptions, and recommendations succinctly).
Fluency in English
Nice to have
Basic knowledge of Git and some experience coding as part of a team
Familiarity with AWS services such as Redshift, S3, EC2, Lambda
Familiarity with Airflow to build/orchestrate data pipelines
Benefits
Very competitive salary package
Monthly gym allowance to use in any gym or for any sport class - a healthy mind in a healthy body!
Annual company offsite – Formentera this year!
Private health care
Work in an international, dynamic and passionate environment with a great company culture.
After reading all this just a few last but important words: We want you to take on a role you love and we want to offer you a place you're proud and happy to come to every day!

So if you feel like there is a fit, apply! Get in touch with us and hit that button. We wanna hear more about you!",4.4,"Stuart
4.4",Barcelona,-1,-1,-1,-1,-1,Internet,-1,-1
3,Data Analyst,-1,"Barcelona / Farmacéutico / Full-time
Para importante empresa internacional del sector Farma, ubicada en Barcelona, estamos buscando un/a Data Analyst, que contribuya al desarrollo de la Compañía, siendo responsable del análisis de datos para la optimización del negocio digital.

PUESTO DE TRABAJO
Localización. Barcelona ciudad.

RESPONSABILIDADES

Funciones y tareas

Sus principales funciones serán:
Análisis de datos y extracción de insights para el negocio
Visualización de los datos mediante R y Excel.
Etiquetado y QA de los canales digitales
Procesamiento y análisis de grandes volúmenes de datos
Preparación de informes de resultados

REQUISITOS

Formación.
Titulación Universitaria

Experiencia Requerida.
Al menos 3 años de experiencia realizando funciones similares
Conocimiento de Google Analytics tanto en el manejo de la herramienta como en su configuración e implementación
Experiencia en creación de planes de medición e implementación de analítica digital

Competencias personales
Dotes de comunicación efectiva
Capacidad analítica
Trabajo en equipo y capacidad de aprendizaje
Inglés avanzado (valorable francés, portugués)

CONDICIONES DE LA OFERTA

Condiciones salariales. A determinar
Fecha prevista de incorporación. Inmediata
Jornada. Completa

PERSONA DE CONTACTO

Nombre: Nerea Madrid
E-mail: [email protected]",-1,Mur & Martí,Barcelona,-1,-1,-1,-1,-1,-1,-1,-1
4,Data Analyst,-1,"Tangelo Games is a leading developer and publisher of social games with a strongly engaged global community of more than 1 million monthly players that enjoy playing our wide portfolio of more than 90 top-ranked titles.

But life at Tangelo is more than games! Since it was born in 2011, Tangelo has grown to be a solid company but has kept the agility, soul, and passion of a start-up while boosting a strong corporate culture based on community, commitment, challenge, and pragmatism. Always playing as A-team.

And that's where you come in. As our next Data Analyst, you will help our Analytics team to define and develop the company analytics roadmap. You’ll focus on analyzing business and customer behavior to improve its performance and satisfaction, develop real-time data models to be used by our products, and help the company become data-centric.

Responsibilities
Develop statistics models to better understand our business and help company growth
Analyze games and economy dynamics
Work with Marketing and Customer Support identifying needs and developing solutions to improve the customer experience and performance
Work with the Product department on defining needs and providing insights about user behavior
Participate in the definition of the architecture to analyze and deploy models
Collaborate with other team members on developing data processing flows
Your profile
At least 3 years of experience as Data Analyst
Holds a Bachelor’s degree in a quantitative discipline (Computer Science, Engineering, Mathematics or Economics).
Programming skills and advanced knowledge of Python or R
Experience developing analytic models and reporting results
Experience with SQL, ETLs and data structures
Excellent level of both English and Spanish
Desirable knowledge
Knowledge of tools and principles of data visualization and exploratory data analysis: Tableau, RMarkdown, Shiny
Experience in deploying models into production environments
Familiarity with building and deploying data pipelines and services in AWS
Knowledge of AWS database technologies: Redshift, Athena, RDS, S3
Soft Skills
Analytic and problem-solving skills
Methodic and meticulous
Results-oriented
Hands-on attitude
Sense of initiative and entrepreneurship
Excellent communication skills in English and Spanish
Team Player
Perks
Flexible working hours
Remote work possibility
Multicultural, friendly and talented team. Learn with the best!
Employee Training Program. Keep learning!
In-house training and team building events
Fully equipped HQ with beer tap, ping pong, boxing set, and much more!
E-Scooter and Bike parking
Shower Facilities
Competitive salary range
Permanent contract
Employee Referral Program Bonus
Fully equipped kitchen with free coffee, snacks, and fresh fruits",3.7,"Tangelo Games
3.7",Barcelona,-1,-1,-1,-1,-1,Apuestas,-1,-1
5,Data Analyst,-1,"Preply is looking for an experienced professional to join its Data team and handle data aspects related to our product, understanding user behavior and activity. Your objective will not only be to analyze data but also to generate and deliver usable data & insights at various levels of the organization.
Mission:
Provide accurate, deep and thorough data analysis of matters linked to the usage of the product (website, Preply Space for lessons, on desktop, mobile web and app)
Together with the rest of the Data team, define the main KPI to follow and implement daily/weekly monitoring
Initiate deep digging analysis of subjects that will arise from such monitoring
Ensure that the right data is tracked accurately and made available within our databases and data warehouse, develop our analytics capabilities
Provide deep insights on how our users (students & tutors) understand and drive value from our product, always go deeper
Work with the product teams to identify new opportunities for growth
Your expected outcomes:
Implement dashboards and reports in Tableau to follow all KPI related to product usage
Monitor all A/B tests run by the organization
Through regular and ad hoc analysis, provide actionable insights and best practices to product teams and managers
Contribute to requirements definition across Product, Analytics and Engineering for a suite of data tools and projects (ML micro-services, visualization tool, new ETL framework, etc.).
Your competency profile:
Degree in Engineering/Statistics /Mathematics
3-4 years of experience as a Data Analyst
Strong knowledge of SQL required, Python or R a plus
Strong problem solving skills with an emphasis on marketplace equations
Experience building sophisticated reports in Tableau, Looker or other BI tools
Experience with comprehensive A/B testing frameworks
Experience analyzing data from 3rd party providers: Google Analytics, Adwords, Facebook Insights, etc.
Good understanding of a variety of data analysis concepts such as conversions, LTV/CAC, ROI, Cohort analysis, Retention framework (Reforge retention framework), etc.
Excellent written and verbal communication skills for coordinating across teams
What we offer:
An opportunity to join a worldwide educational product and build a global brand in an online tutoring space
Personal and professional growth driven by a strong team, supportive world-class investors (including the Booking.com co-founder), and exciting challenges
Friendly, open, dynamic and international working environment
A team where your opinion is highly valued and appreciated
Excellent office location in the city center
Flexible working conditions to support your personal needs
Robust financial package to live a great life and keep saving",4.9,"Preply
4.9",Barcelona,-1,-1,-1,-1,-1,Servicios de formación,-1,-1
6,Data Analyst Intern,-1,"Who we are
Criteo (NASDAQ: CRTO) is the global technology company powering the worlds marketers with trusted and impactful advertising. 2,800 Criteo team members partner with over 20,000 customers and thousands of publishers around the globe to deliver effective advertising across all channels, by applying advanced machine learning to unparalleled data sets. Criteo empowers companies of all sizes with the technology they need to better know and serve their customers.

Overview

As an intern and member of our Data Science & Analytics Team, you will be based in our Barcelona office, and will report directly to the Manager, Data Science & Analytics Mid-Market Performance based in Barcelona.
What you´ll do
Advertiser Analysis and Optimization
Analyzing complex data from multiple sources, youll learn how to detect problems with the performance of our campaigns, and suggest improvements that will have immediate impact
Reporting tools and metrics
Youll use your knowledge of our system to develop reports and metrics that will present actionable insights to teams across the business Technical studies and analysis - You will work on ad hoc projects that will inform roadmap for the development of the Criteo
Product, and run real world tests on new developments. Campaign control and oversight
You have responsibility for managing and maintaining the smooth running of our campaigns
This involves making sure our ad server is correctly set up and updated, and validating the setup of new campaigns.
Who you are
You are currently doing/finishing a degree in Computer Science or technology related degree
You are fluent in English
You have previous experience in problem solving end to end
Ideally, you have good technical skills: SQL, programming languages, ...
You have previous international experience
You are interested in analysis and statistics
You are versatile, dynamic
You have a real interest in online Advertising market and the impact of a high-performance technology in this market
Possibility to do the onboarding remotely due to the current situation
Must be able to sign an internship agreement through an educational institution and available full-time for 6 months
Why you'll love us
At Criteo, life is full of contagious energy, hard work, passion and the occasional scooter race
Everything at Criteo is driven by their hunger to succeed and fueled by a little bit of madness
Criteo has many perks: health care & life insurance, lunch card, gym allowance and free breakfast
Every office is filled with equal measures of hard work and playfulness. From yoga to rooftop parties, early morning kale smoothies to late night karaoke sessions we do it all, together!
Join us to contribute to one of the fastest growing, leading edge technologies in online industry. We work hard, play hard and we share the same passion for e-Commerce, Advertising and Technology. We value team work, openness, technical innovation, and results-orientated thinking.

At Criteo, we dare to be different. We believe that diversity fuels innovation and creates an energy that can be seen and felt all over Criteo. We champion different perspectives and are committed to creating a workplace where all Criteos are heard and feel a sense of belonging.

Criteo collects your personal data for the purposes of managing Criteo's recruitment related activities. Consequently, Criteo may use your personal data in relation to the evaluation and selection of applicants. Your information will be accessible to the different Criteo entities across the world. By clicking the ""Apply"" button you expressly give your consent.",3.8,"Criteo
3.8",Barcelona,-1,-1,-1,-1,-1,Internet,-1,-1
7,Data Analyst,-1,"Overview


We are looking for two Data Analyst:

a) Our Experiments and Insights team is the centre of excellence for Online (AB) Experimentation and for providing best practices to generate insights and learning from the experiments. Our goal is to help different teams across the organization to succeed in their mission by providing insights generation and data analysis support in a healthy data-informed environment.

b) As part of our Analytics & Insights Enabling team, you will work on data and analytics helping to manage data sets and small marketing databases and processes in Google Cloud Platform and focus on data accuracy, gaps and discrepancies analysis and data cleaning/accuracy monitoring to allow proper analysis avoiding data issues impact. With the final goal of providing support to business analyst and business owners on analysis of huge volume of data, complex queries and dashboards (Google Big Query, R, Python, SQL …).

We are looking for an experienced Data Analyst who has experience working with analytics tools such as Google Analytics/BigQuery and knowledge of R programming language. In this role, you would be responsible for working with multi-disciplinary teams – Qualitative Researchers, Designers, Product Owners, Developers, and Pricing Managers – to blend different statistical and data analytics techniques to generate a holistic understanding of the users and markets.

What you will do:
Analyse performance and identify behaviours in different A/B Test experiments and hypotheses;
Data validations for new dashboards, reports and data sets as well as ensuring accuracy for the current ones,
Data cleaning,
Creating and maintaining logs of data issues as well as relevant information to enrich analysis (changes, new agreements, etc.),
Gaps and discrepancies analysis,
Measurement definitions,
Translate complex and potentially ambiguous information into a clear structure and actionable deliverables. Perform analysis on large data sets using appropriate data analysis techniques and tools with a strong focus on quality;
Build and maintain dashboards and/or reports to share performance information with senior management and C-level stakeholders;
Identify and analyze relevant customer data to drive business goals and validate hypothesis & designs; turn data into actionable insights;
Lead data-driven initiatives to improve company decision making and business knowledge;
Ensure that all eDreams ODIGEO websites are appropriately instrumented with events tracking to be able to answer different kinds of research/product questions;
Collaborate with User Researchers and designers to detect gaps in knowledge about our user; identify research opportunities to fill those gaps.
About you:
Data-driven with a strong analytical and problem-solving capability;
Minimum 3 years of experience as an analyst in a digital and eCommerce environment. At least 1 year of experience with online experiments and AB Testing;
Strong knowledge of tools and programming languages such as Google Analytics, BigQuery/SQL, R;
Excel and spreadsheets, Google sites, dashboarding tools, presentation tools,
Knowledge on data structure and data sets management in Google Cloud Platform ,
Self-starter with good time management skills; able to manage multiple tasks and prioritize quickly the most relevant ones;
Ability to multitask; desire to work in a challenging, fast-paced, high-performance environment;
English speaker with good written, verbal, and presentation abilities;
Team player with a positive attitude and sense of humour.
What do we offer?
Excellent environment for continuous growth and learning: with our Learning & Development programs, you will have access to tech talks, internal soft skills and technical skills trainings, language lessons, external events and industry conferences.
Free subscription of O’Reilly Online Learning.
We support a phenomenal lifestyle and work-life-balance (e.g. half-day Fridays, team building activities, flexible hours, 24 days of holiday +2 extra days off, etc.).
Personal career path programs.
A free eDreams Prime subscription to benefit from significant discounts on your travels.
Competitive salaries & flexible benefits scheme: Ticket Restaurant, transport, private health insurance, etc.
We like our eDOers happy and healthy! Free fresh fruit and coffee for all (with many types of milk alternatives) and a significant Anjoy discount! After the gym you can always take a shower at our offices too.
Special discounts in local venues, such as gyms, restaurants, shops, etc.
New to the city? We also offer great relocation packages.
Amazing offices in the heart of Barcelona with a beautiful terrace to have a break and enjoy the views.
Annual awards for a variety of team and individual achievements.
… And the opportunity to work in a dynamic, dedicated, fun and passionate team of professionals. We journey together!
Come fly with us and join us now.",3.6,"eDreams ODIGEO
3.6",Barcelona,-1,-1,-1,-1,-1,Agencias de viajes,-1,-1
8,Data Analyst,-1,"Based in Barcelona, Qustodio is a fast-growing internet safety startup whose mission is to provide a safe digital experience for every child. Our top product is a multi-platform parental control solution that is used and loved by hundreds of thousands of families worldwide. Qustodio has been rated Editors Choice by PC Magazine and is one of the leading brands worldwide for Digital Wellbeing.

We're looking for a Data Analyst to help us grow and expand our data platform to solve current and future challenges. You will be working with multiple data-sources contributing to transform the data into a business knowledge.




What you will do?

Your main responsibilities include:
Deep dive into companys data sources to state analytic questions and provide business insights. Explain trends or patterns in complex data sets,
Understand business objectives and goals working together with other departments, interpret data, analyse results using statistical techniques to improve product features and identify new revenue opportunities,
Design and execute product A/B tests and derive conclusions from observed user behaviour. Advice recommendations and solutions from an analytics standpoint,
Work closely with data engineers to develop and deploy tools and techniques which allow large scale analysis,
Guide and train business stakeholders in order to allow them achieve high level of autonomy analysing data,
Asses current data quality and purpose improvements or adjustments in order to keep it up to date according to the Company reality.
What you bring to the table:
You have a Bachelor's Degree in Mathematics, Physics, Statistics, Econometrics, Computer Science or a related quantitative field,
You have 2-4 years of experience with data analysis, and data storage techniques,
You are proficient using SQL, with large scale data warehousing (Redshift, Google Big Query or similar)
You have good knowledge of statistics and the ability to collect, organise, and disseminate significant volumes of information with attention to detail and accuracy,
You have good understanding of A/B testing methodology,
You are familiar with at least one of the cloud based business intelligence solutions (ChartIO, Qlik, Tableau, Looker, etc.),
You are experienced in at least one Data Mining capable language: R or Python. Excel is not enough.
Bonus points for:
You are familiar with AWS tools oriented to data processing and analysis,
You are familiar with the essentials software engineering best practices, tools and techniques,
You understand several traditional Machine Learning and predictive algorithms, as well as basic NN concepts.
What can we offer you?

Great question! Here are few reasons...
Great culture - friendly and emphasizes both teamwork and fun
Our company is home to over 15 nationalities
Flexible working hours - and there are possibilities to work from home
Interesting challenges on networking, security, and scalability for you to grind your skills
Competitive salary range
Private Health Insurance
In-house training and team building events
Fully equipped kitchen with free coffee and fruits
Free refreshments on Fridays afternoons
Half day off on your b'day
Flexible Benefits
23 days of holidays per year
Team Building Events",2.6,"Qustodio
2.6",Barcelona,-1,-1,-1,-1,-1,-1,-1,-1
9,Strategy Data Analyst Info,-1,"Descripción de la empresa

Adevinta es un grupo internacional presente en 16 países, y seguro que conoces nuestras marcas en España: fotocasa, habitaclia, InfoJobs, coches.net, motos.net, milanuncios y vibbo. Llegan cada mes a más de 18 millones de usuarios únicos: ¡estamos en el top 10 de las empresas con mayor audiencia de Internet en España! Esto, junto con las más de 1.000 personas de la compañía, nos convierte en una de las empresas tech referentes del mercado español.

Como empresa tecnológica, tenemos un ADN digital. Nos encanta desafiar lo establecido y pensamos nuevos modos de hacer las cosas. Trabajamos a través de PEAK Performance, una forma de trabajar basada en OKRs, ágil y con equipos autosuficientes y autoorganizados. Creemos en la cultura del feedback y en un estilo de liderazgo cercano. En definitiva, creamos soluciones cada vez más inteligentes para ofrecer la mejor experiencia a nuestros usuarios y clientes.

Si te gustan los retos y crees tanto como nosotros en el poder del matchmaking... ¡Únete a nuestro equipo!

Descripción del empleo

Estamos buscando un/a excepcional Strategy Data Analyst para formar parte del equipo de Infojobs. Haces parte del equipo de Insights, colaborando mano a mano con el equipo directivo de Infojobs. Junto con el equipo participarás en la búsqueda e identificación de soluciones en base a insights del mercado, conocimiento de usuarios (research) y en base a las recomendaciones planteadas por ti a partir de las oportunidades detectadas a través del análisis de datos.

Tu misión principal es la de definir y ejecutar análisis de nuestros candidatos, empresas, competidores y del mercado con el objetivo de identificar tendencias, oportunidades, y problemas para entender el negocio y hacer recomendaciones a los departamentos de BtoB, de marketing, de tech, de UX y de producto. Serás el responsable de realizar la extracción (consultas SQL) y explotación de los datos de la base de datos para el correcto desempeño de tu puesto.

Estas serán tus funciones:
Analizar e interpretar KPIs y Health Metrics de Infojobs identificando tendencias, riesgos y oportunidades para dar insights que ayuden a realizar recomendaciones para optimizar y mejorar los diferentes proyectos de la empresa.
Generar reports que permitan seguir tanto la evolución de los proyectos como para necesidades concretas o puntuales
Acompañar a los diferentes equipos para formarles, asesorarles y eliminar las barreras que existan con el fin de facilitar la autonomía analítica de los equipos.
Llevar nuevos proyectos para enriquecer nuestros datos (ej: scoring de los CV, scoring de ofertas…) usando advanced analytics (aprendizaje automático, matching de patrones, pronóstico, análisis semántico…)
Títulos

Si eres una persona proactiva, analítica, data-driven, te apasiona el mundo digital, y además necesitas trabajar en equipo.

Y además tienes:
Experiencia mínimo 10 años en una empresa online.
Acostumbrada a trabajar con equipos de producto, de sales, de marketing y de estrategia.
Experiencia en definición, implementación y medición de producto online.
Advanced user en digital analytics tools (adobe, google analytics).
Habituado a trabajar con BBDD y conocimiento avanzado de SQL.
Conocimientos de R y/o Phyton.
Habituada a realizar visualizaciones en dashboards con herramientas como Tableau.
Imprescindible que tengas capacidad de síntesis, sensible a la calidad del dato y orientación al cliente.
Capacidad analítica: saber interpretar los datos para extraer insights relevantes y ser capaz de traducir las preguntas de negocio a necesidades analíticas.
Información adicional
Trabajar con los mejores profesionales en una empresa referente y que apuesta por la innovación.
Nuevas oficinas en la zona del 22@ (a 5 minutos de la estación de Glories).
Flexibilidad horaria y jornada intensiva los viernes.
Jornada intensiva durante los meses de verano y semana santa.
Plan de retribución flexible.
Beneficios sociales y descuentos como Gimnasio.
Seguro médico totalmente financiado por la empresa.
Portátil MacbookPro o Dell & Movil iPhone8 o Samsung9.
Parking subvencionado.",4.4,"Adevinta in Spain
4.4",Barcelona,-1,-1,-1,-1,-1,Internet,-1,-1
10,Data Analyst,-1,"Rol
Este perfil se dedicará a extraer y analizar los resultados de las acciones en social media y campañas digitales. Detección de insights tanto para el departamento creativo como para el área de difusión. Por otro lado, deberá ayudar a los equipos de cuentas en la interlocución con el cliente para presentar los resultados obtenidos. Miembro activo en la implantación de un modelo de trabajo de la agencia data-driven.

Competencias básicas
- Capacidad Analítica y escucha Activa
- Capacidad de reflexión y reconocimiento de resultados
- Habilidad en la interpretación de datos
- Habilidades comunicativas (Escritas y orales)
- Experiencia en el trato con cliente
- Experiencia en gestión de Google Sheets y Tableau (o herramientas de visualización)
Competencias Valorables
- Conocimientos de Publicidad, Marketing y/o Analítica en Redes Sociales
- Conocimientos de SQL
- Conocimientos de Herramientas de social listening
- Conocimientos de estadística",-1,Fuego Camina Conmigo,Barcelona,-1,-1,-1,-1,-1,-1,-1,-1
11,Data Analyst,-1,"We are looking for the most awesome Data Analyst, capable of seeing opportunities hidden inside our data, with super-analytical skills, the fastest one with spreadsheets and the most powerful analytics software. We need you to get actionable insights lightning fast. You will push this rocket towards new galaxies of payments.

What you will be doing:
Own and lead BI efforts to create dashboards and reports to provide key KPI insights
Improve and maintain ETL processes
Data Modelling and Explores design in LookML language
Work with operations, growth and management teams to provide analytics
Measure quality of users
Data visualization for business purposes
Design of A/B tests and find statistically significant conclusions
Ensure data quality always promoting a data driven culture
Understand through and through Looker - our BI platform
Support department’s managers with data inquires

Requirements

Bachelor’s Degree in quantitative field such as Mathematics, Statistics, Computer Science or similar
Knowledge of Data Engineering and/or ETL
Experience with Looker (dashboards, LookML)
Ability to write advanced queries in SQL and working knowledge of database (PostgreSQL, Big Query)
You have worked with cloud computing platforms such as Google Cloud and/or AWS
Experience extracting advanced business insights from data
Knowledge of Python
Experience or deep-knowledge of data models
Demonstrable experience creating dashboards and monitoring tools
Knowledge of Firebase or Google Analytics is a plus
Experience extracting advanced business insights from data
High communication skills to understand and require feedback from developers, marketing needs and main objectives of the company
Proactivity, ownership and ability to work autonomously in fast paced environment

Benefits

Excellent place to work
Amazing offices in the city center of Barcelona
Being part of a talented, multicultural and dynamic team
Healthy lunch, fresh fruit, juices, and coffee whenever you want
Training / Meetups
Referral Bonus",-1,Verse Technologies Inc,Barcelona,-1,-1,-1,-1,-1,-1,-1,-1
12,Junior data analyst (Web analytics / BI / SEO),-1,"About Visca Web

At Visca Web we operate in the exciting and highly competitive online sports betting industry and our top objective is to deliver new players to our partners worldwide (operators such as Bet365, William Hill...etc) through our websites.

Our friendly and ambitious team consists of around 20 people in our Barcelona office. We all know each other’s names and being part of Visca Web is a great opportunity to make a noticeable impact.

We pride ourselves on having a truly international team (9 different nationalities) which is organized around tech development, product management, data analytics, SEO, Content production & Digital Marketing. Friendly startup feeling, but with structures and processes in place to grow fast.

Your Role:

As junior data analyst you will use your great analytical mind and mathematical skills to provide support in several areas, from performance analysis to business forecast to SEO.

We are seeking an individual with a mathematical mind who brings the relevant experience, skill set, and energy to ""crunch"" data and provide insights to the team (business, product, content...), make recommendations and track results.

Main missions
Help maintain and develop reporting tools such as dashboards and reports, to share user behaviour information with stakeholders.
Ensure tracking requirements are being met across all products, to be able to answer any research question.
Perform analysis on large data sets using appropriate data analysis techniques and tools with a strong focus on quality.
Identify and analyze relevant customer data to drive business goals and validate designs; turn data into actionable insights.
Develop a deep understanding of the sports betting markets (North America, Africa, LATAM).
Required skills/experience/mindset
A deep interest and aptitudes to crunch data.
An analytical and mathematical mind to extract actionable insights from that data.
Ability to use GA, GSC, GTM (+ full G Suite).
Advanced experience working with Excel.
Ability to quickly adjust priorities to respond to pressing demands.
Be detail oriented.
Be an excellent team player.
High level of English.
(Bonus) Good working knowledge of SEO tools such as: SEMrush, Majestic, Ahrefs.
(Bonus) Knowledge of Python and/or React.
(Bonus) Knowledge of another language such as Spanish/French.
We have great benefits
A stimulating work environment where autonomy & responsibility are key.
The excitement to work in a booming full digital industry.
International products (USA, Canada, Africa, Latin America).
Annual personal training/conference budget.
Wellness benefits (Private health insurance, on-site massages, healthy snacks…)
Cool and bright office in the 22@ district of Poblenou (bike storage, rest room, play room…)
Flexible working hours.
This position is a full-time one, based in our Barcelona office. Possession of a valid work-permit for Spain is a must.",5.0,"Visca Web
5.0",Barcelona,-1,-1,-1,-1,-1,Internet,-1,-1
13,Data Analyst Junior,-1,"Seleccionamos un Data analyst para incorporarse de forma indefinida en el equipo de data de un importante cliente ubicado en Barcelona.

La persona seleccionada desarrollará soluciones tecnológicas para automatizar la captación de datos.

En BETWEEN apostamos por el mejor talento dentro del sector tecnológico. Contamos con una unidad de Selección Especializada en perfiles IT para incorporarse en la plantilla de nuestros clientes. Trabajamos con un amplio rango de empresas, que nos permitirá encontrarte el puesto que más se ajuste a tus necesidades e intereses profesionales. Podemos ofrecerte proyectos en las áreas de desarrollo e infraestructuras, que van desde el ámbito del Cloud Computing hasta Big Data, I+D y BI.

¿Qué haré? Estas serán tus funciones principales:
Trabajar directamente con el data center de la empresa con la finalidad de gestionar, organizar e integrar las diferentes bbdd i poder mejorarlas.
Gestionar las herramientas de captación de datos y actualizaciones on time de los datos para poder generar informes cualitativos y cuantitativos.
Mejora de la estructura de datos.
Modelamiento de datos
Integración y extracción de datos de diferentes origenes.
Visualización de datos

Beneficios que tendrás en tu lugar de trabajo:
Contrato directamente con el cliente final
Viernes Jornada intensiva
Salario : 28.000 € b/a - 30.000 € b/a

Imprescindible:
Formación Profesional Grado Superior en Desarrollo de Aplicaciones Multiplataforma, Sistemas informáticos y redes o similar, muy valorable grado en ingenieria informatica.
Imprescindible 2 años de experiencia con Transact SQL (consultas complejas)
Experiencia en T-SQL implementando scrips, optimización de consultas
Desarrollo de procesos de carga, depuración e integración de datos de diferentes bbdd con SSIS
Procesos de ETL

Valorable:
Conocimientos de lenguajes de programación
Power BI",3.9,"BETWEEN
3.9",Barcelona,-1,-1,-1,-1,-1,Servicios de TI,-1,-1
14,Product Data Analyst,-1,"We are a leading data-driven growth marketing company servicing mobile apps, brands and ad-tech companies worldwide. To help us maintain our strong position in the industry, we are looking for smart, data-focused individuals to join our Smadex team, our in-house Mobile 1st DSP.

Our team is looking for a Product Data Analyst reporting to Smadex COO.

Your mission:

As a Product Data Analyst, you will be working to spot trends and anomalies to provide insights and product propositions that directly impact the success of our company. Youll be in contact with engineers and developers, collaborating with the support teams to accomplish these goals.

Role's tasks and responsibilities:
Make data-based decisions to keep the business relevant and competitive
Drive innovative ideas and features through leadership and decisive action
Define and monitor product key metrics
Interact with several internal and external stakeholders
Role's skills and requirements:
2+ years of Data Analysis experience, with a preference for candidates who worked in a tech company
Excellent communication skills in English and Spanish both written and spoken is mandatory
Excellent analytical skills with demonstrated experience in hypothesis-driven learning and turning data into actionable insights
Creative problem-solving skills and a knack for asking the right questions, then answering them with sound data and analysis
The ability to work well, both autonomously, and as part of a larger team
Please note that we do NOT provide VISA sponsorship. Candidates without a legal permit to work in Spain won't be considered.

Reward package:

Competitive payment, free and daily breakfast, snacks and fruit, flexible working hours, free gym membership, company laptop, beautiful office in lovely l'Eixample with a big terrace, monthly TGIFs and regular team building events, fun and friendly work environment with talented marketers from over 26 different countries. And more!

Powered by JazzHR",2.8,"Entravision
2.8",Barcelona,-1,-1,-1,-1,-1,Plataformas de televisión en abierto y por cable,-1,-1
15,Reporting Data Analyst,-1,"En dependencia del Business Manager de la división de E-Commerce, sus principales responsabilidades serán:
Mantenimiento y evolución del data warehouse actual.
Mantenimiento y desarrollo de dashboards y reports.
Desarrollo de propuestas de mejora con el objetivo de incrementar la calidad de la información.
Contribuir a los de procesos de automatización desde una perspectiva de data y reporting.
Evolución de la plataforma actual de BI de Tech Data.
REQUISITOS
Educación superior, licenciatura en IT o equivalente a través de experiencia.
Mínimo de 2 años de experiencia en SQL Server, Integration Services & Analysis Services
Buen conocimiento y manejo de Macros en Excel.
Buen nivel de Inglés y español.
Persona dinámica y proactiva.
Capacidad crítica y analítica.
Atención al detalle.
Además se valorará muy positivamente:
Nociones en Reporting & BI tools (PowerBI, Tableau, etc.).
El conocimiento de SAP, SAP BW, SAP Business Objects.
Experiencia en desarrollo de aplicaciones en .NET Desktop & Web.",3.7,"TechData
3.7",Barcelona,-1,-1,-1,-1,-1,Servicios de TI,-1,-1
16,Senior Data Analyst (Customer Service Team),-1,"¿Quiénes somos?

Somos Holaluz y nacimos para hacer el mundo mejor, en este vídeo te lo cuenta Carlota Pi, una de las tres fundadoras de Holaluz, y actual presidenta de la compañía. Llevamos casi una década revolucionando el sector de la energía eléctrica. Tú y el planeta sois lo que nos mueve a ser como somos y a hacer lo que hacemos.Nuestra voluntad de hacer las cosas de un modo distinto nos ha llevado a liderar la transformación del sector. Por eso:
Vendemos solamente electricidad 100% de origen renovable.
Gracias al uso de la tecnología, te ofrecemos productos personalizados y tarifas que te permiten ahorrar.
Te damos la oportunidad de ser dueño de tu energía.
La eléctrica del futuro pasa por un modelo basado en la movilidad eléctrica y en el autoconsumo. Esto quiere decir que consumas la energía de tus propias placas solares y que puedas compartir la que te sobre con otras personas. Eso es lo que desde Holaluz impulsamos para que las personas seamos dueñas de nuestra propia energía. Una energía que, al ser tuya, eres libre de gestionar como quieras.En definitiva tenemos la misión de conectar a la gente con la energía 100% verde,�� �� ¡¿nos ayudas?!¿Qué harás?

Formarás parte del equipo de operaciones, con el focus en el equipo de Servicio de Atención al Cliente y ser la voz del cliente para Holaluz. El lenguaje es secundario ¡tu mentalidad de desarrollo de análisis es lo que más vas a usar!
Realizar el forecast de carga de trabajo de Atención al Cliente, planificar y realizar seguimiento de la capacidad para dar cobertura en el corto, medio y largo plazo.
Realizar la Interlocución con los administradores de las herramientas utilizadas para la prestación del Servicio: gestión de usuarios, cambios y mejoras,...
Creación y desarrollo de los KPI de SAC con el objetivo de desarrollar modelos e informes ad hoc, compartiendo observaciones y recomendaciones, donde eres libre de crear modelos estadísticos, siendo responsable del correspondiente diagnóstico, evaluación y mejora del rendimiento de estos modelos.
Ser el enlace y desarrollador de Customer Service con los equipos PO de Holaluz.
Desarrollar una planificación clara y estructurada de los datos con el objetivo de identificar las oportunidades de mejora y conocer qué necesita el cliente externo e interno.
Creación, desarrollo e implementación de los diferentes proyectos que impactan a SAC.
Trabajar en la configuración de la infraestructura de datos de SAC que impacta en la gestión del cliente, incluidas las plataformas de análisis, almacenamiento y reporte de datos.
Estructura de las actividades del personal para garantizar las ejecuciones eficientes de las funciones.
Creación, desarrollo y mantenimiento del flujo de datos que respaldan los procesos y procedimientos.
Crear y ejecutar actividades de gestión de cambios con respecto al análisis de datos en todas las áreas que impactan a Customer Service con el objetivo de la búsqueda de información crítica y comunicar estos puntos no solo a los departamentos relevantes sino a la empresa en general ya que Holaluz trabaja por y para el Cliente, por lo que no solamente queremos quedarnos en identificar y comunicar riesgos o problemas en proyectos / programas iniciados por los departamentos asignados sino comunicar y hacer seguimiento de esta información
Identificar, crear y estandarizar los diferentes tipos de datos que necesitan seguimiento para mejorar el rendimiento del negocio. generando informes asequibles de interpretar basados en los datos recopilados.
Trabajar con el equipo directivo para priorizar los cambios sugeridos para cada segmento de negocio.
Utilizar métodos estadísticos para identificar áreas de mejora operativa y hacer sugerencias para racionalizar los procesos.
Crear y redactar procedimiento mejorados para todos los departamentos afectados, y que impacten directamente en Customer Service .
Trabajar con los equipos para crear pautas de recolección de datos para uso interno y traducir las mismas en una mejora de atención al cliente.

En 1 mes...


Después del primer mes ya sabrás cómo está todo montado, te habrás empapado de su cultura y su visión, te habrás reunido con todos los equipos y sabrás qué es lo que hacen y qué necesitan.

Empezarás a analizar las decisiones que han hecho los diferentes equipos y áreas para empezar a enfrentarte a tus primeros retos.

También habrás ido a comer algún día con las personas del equipo, habrás asistido a algunas de las sesiones que hacemos con el objetivo de que fluya el conocimiento

En 3 meses...

Seguro que ya habrás tomado muchas decisiones sobre cómo aportar valor en tu equipo y estarás trabajando codo a codo con tus colegas, en otras palabras, habrás visto la LUZ.

Habrás disfrutado de algún team building con el equipo y habrás tenido la oportunidad de hacer más de una presentación.

En 6 meses...


Tendrás (casi) todo bajo control y habrás contribuido en la madurez y crecimiento de tu equipo. Habrás aportado valor más allá de tu equipo compartiendo conocimiento, y haciendo valer toda tu experiencia para mejorar el área de backend.

Además, habrás tenido varias reuniones con tu responsable para saber cómo te sientes en tus primeros meses con Holaluz.

Cómo lo harás

En Holaluz las reuniones y decisiones se hacen de forma colaborativa, el feedback fluye �� entre diferentes departamentos, promueven el apoyo entre las personas y las decisiones tecnológicas se toman en consenso.

Trabajarás mano a mano con todo el equipo de Holaluz, hay muy buena relación personal y mucho respeto profesional por las decisiones que cada persona toma en su área. Buscan que te autogestiones y busques la excelencia en tu trabajo.

Requirements

Qué necesitamos

Hemos pensado muy muy bien lo que buscamos y lo que de verdad importa:
Licenciatura en Ciencias Empresariales/Económicas, Matemáticas o Ingeniería.
Más de 5 años de experiencia.
Habilidades matemáticas de alto nivel y capacidad de traducir información matemática en informes concisos.
Capacidad para trabajar eficazmente con la dirección y formar parte de un equipo para alcanzar los objetivos.
Gran atención a los detalles.
Capacidad para trabajar en equipo
No hace falta que seas Shakespeare, pero sí que puedas comunicarte en Inglés
Todo suma, así que si tienes alguna de estas cosas SUMA Y SIGUE:
Capacidad de análisis y valoración en proyectos y procesos.
Formación y experiencia en análisis de datos.
Manejo de las nuevas Tecnologías de la Información y la Comunicación:
Conocimientos avanzados en la utilización de las herramientas informáticas del paquete MS OFFICE.
Elaboración de presentaciones en Power Point.
Requisitos deseables:
Master of Business Administration.
Orientación al Cliente.
Capacidad para mantener relaciones interpersonales.
Alta capacidad de implicación, dedicación y motivación.
Elevada orientación a la consecución de objetivos y al cumplimiento de resultados.
Excelente capacidad de análisis.
Con quién lo harás

Somos un equipo de casi 20 personas con un ambiente inmejorable.. ¿No nos crees? Te presento a tus compañeros ��

Dónde lo harás

Todo el equipo está junto en sus oficinas de Barcelona a 200 metros del mar ��

Benefits

¿Qué ofrecemos?
Unirte a la primera eléctrica europea con Certificado B Corp (empresas que innovan para maximizar su impacto positivo en los empleados, la comunidad donde sirven y el medio ambiente).
Empresa certificada como Baby Friendly Company. Equal parental leave (igualando la baja paternal a la maternal). Nursery para ayudar a integrar la vida y el trabajo para los nuevos padres . “Casals” esas semanas del año en las que compaginar vacaciones de los niños y trabajo se hace un poco más complicado.
Unirte a una empresa donde las personas son lo primero, con un entorno de trabajo inmejorable y gran talento en donde vivimos nuestros valores.
Desarrollo profesional sin límites en una empresa apasionante y un equipo con desafíos constantes.
Nuestra propia biblioteca, con contenido muy diverso.
Ser parte de una empresa orientada a objetivos y orientada a resultados. Aplicamos metodologías ágiles y la filosofía de escalamiento a todo lo que hacemos
Clases de inglés y catalán en la oficina.
Horario flexible, como resultado de nuestra mentalidad pro responsabilidad y autonomía.
Subscripción con cuota muy reducida en G4L, que incluye clases de yoga y crossfit en la oficina. Mens sana in corpore sano.
Subscripción con cuota muy reducida de mutua médica.
Sistema de retribución flexible en guardería, transporte y comida con Cobee.
Fruta ecológica cada día.
La oportunidad de contribuir al crecimiento de una empresa que quiere cambiar el mundo.
”Celebramos la diversidad en el mundo y queremos que nuestro equipo refleje esto de manera inclusiva. En Holaluz, estamos comprometidos con la igualdad de oportunidades de empleo independientemente de la raza, religión, sexo, origen nacional, orientación sexual, edad, estado civil, discapacidad, género, identidad o expresión de género. Además, nos esforzamos por empoderar a las mujeres en el lugar de trabajo.”",4.4,"Holaluz
4.4",Barcelona,-1,-1,-1,-1,-1,-1,-1,-1
17,"Data Analyst (Python, SQL)",-1,"Job Description

Responsibilities

Interpret data, analyze results using statistical techniques and provide ongoing reports
Identify, analyze, and interpret trends or patterns in complex data sets
Work closely with project managers to understand and maintain focus on their analytical needs, including identifying critical metrics and KPIs, and deliver actionable insights to relevant decision-makers
Proactively analyze data to answer key questions from business

Requirements

Proven working experience as a data analyst or business data analyst
Technical expertise regarding data models and database design development
Strong knowledge of and experience with databases (SQL etc), programming (Python, R or similar)
Strong analytical skills with the ability to collect, organize, analyze, and disseminate significant amounts of information with attention to detail and accuracy
Adept at queries, report writing and presenting findings
English is a must

Benefits:
Permanent Contract
Career plan and development within the company
Language Courses
Good salary package
Other",-1,Melza Consulting,Barcelona,-1,-1,-1,-1,-1,-1,-1,-1
18,Master Data Analyst,-1,"It's rewarding to work at a company where YOU make a difference!
If you're passionate about the ever-changing IT industry and enjoy working in a fast-paced, collaborative progressive environment, you'll thrive at Tech Data!
Join our team to connect the world with the power of technology!
Tech Data es uno de los mayoristas más importantes del mundo en productos, servicios y soluciones de tecnología.
Sus recursos avanzados de logística y sus servicios de valor añadido ayudan a más de 115.000 proveedores de IT a dar soporte a las necesidades tecnológicas de los usuarios de más de 100 países.
Tech Data es un distribuidor de productos multitecnología para diferentes sectores del mundo empresarial: desde Enterprise (Azlan) a movilidad (Tech Data Mobile), desde Audio Video Profesional (Maverick) hasta Software de diseño (Datech), desde la tradicional IT (Tech Data) hasta consumibles electrónicos.
Tech Data está creciendo cada día más y buscamos incorporar un/a Master Data Analyst o grabador dedatos a nuestro equipo de Article Management.

Qué hacemos en Article Management?
Dentro del área de compras internacionales, nuestro equipo de Article Management, se responsabiliza de la creación y mantenimiento de datos en nuestros sistemas informáticos. Gestionamos una base de datos con más de 1.000.000 de referencias activas.

Tareas a desarrollar:
Creación de datos maestros en nuestros sistemas informáticas
Creación de materiales, mantenimiento y actualización de precios, introducción de información relacionada con nuestro catálogo de productos
Investigar, desarrollar e implementar iniciativas de mejora en el proceso de gestión del Master Data de la compañía, asegurando la calidad de la información en sistema
Chequeo de integridad de datos en el sistema
Revisión de la información
Resolución de incidencias
Punto de contacto con proveedores y recepción de cambios en lista de precios

Buscamos:
Atención al detalle, meticulosidad en el trabajo
Proactividad y auto-motivación
Gestión del tiempo y organización individual
Orientación al cliente y a resultados
Buen dominio de idioma inglés
Buen dominio de programas informáticos Office (Excel nivel avanzado)
Conocimiento de productos tecnológicos es un plus

Te unirás al mejor equipo de Master Data, con una clara vocación de servicio, orientado a la calidad y preocupado por tener un excelente clima laboral.
¿Te apuntas?",3.4,"Tech data
3.4",Barcelona,-1,-1,-1,-1,-1,Comercio mayorista,-1,-1
19,Sourcing Data Analyst,-1,"Your new role

Identification of sourcing opportunities from a complex and freely-structured spend workflow
Works with the Indirect Purchasing team, to refine and meet decision support data requirements, and to identify sourcing & supplier selection opportunities to support the delivery of best value for purpose
Workflows and data analytics requirements will be on a global footprint, with a requirement to focus into specific regions or local sites as per Purchasing requirements.
Opportunity for development of Purchasing KPIs, performance measures, compliance & completeness scoring, new data/IT initiative to facilitate all these items.
Builds a core competence in data analytics, and achieves SME status across the Indirect Purchasing and IS teams.
Identifies significant value to be released from current data structures & data management tools, applying best-in-class workflow and data analytics to drive process efficiency improvements

What you'll need to succeed

Transferable experience from previous roles in dynamic industries with evolving priorities
3-5 years previous experience
At least 2 years of experience in data analysis
Great interpersonal skills; the ability to articulate and communicate clearly and succinctly
The ability to work remotely with virtual teams, driving engagement, and influencing in a flat organization and empowered peer group
Thrives in a VUCA environment (Volatile, Uncertain, Complex, Ambiguous)
Values the challenges from internal customers and external partners, while delivering results

What you'll get in return

Perm contract
Competitive salary conditions
Social benefits
Professional development and trainings

If you're interested in this role, click 'apply now' to forward an up-to-date copy of your CV, or call us now.",3.8,"Hays
3.8",Barcelona,-1,-1,-1,-1,-1,-1,-1,-1
20,Transcriber / Data Analyst,-1,"We are looking for speakers of several languages to join us on a new innovative and interesting job to improve Artificial Intelligence (i.e. as speech or text recognition, input methods, keyboard/swipe technology or other areas of human-machine interaction related to languages).

As Transcriptionist for the AI Division, you will perform some or all of the following tasks:

Transcription (create written copies of live speech or dictated audio)
Data labeling (Identify and label the purpose of what you transcribe)
Data classification (categorize the job resulted considering different criteria).

This job requires a high level of independence, adaptation, and accuracy. Love to detail helps succeed in this role!

TransPerfect Is More Than Just a Job…

Our greatest asset is our people, and nothing is more important to us than ensuring that everyone knows that. Each of our 90+ offices has its own individual identity, and each also has its own unique rewards.

Native Level Speaker of one of the following languages: Italian, Portuguese, Dutch, Finnish, Danish, Norwegian, Swedish, German, Turkish, English, Chinese, Japanese, Russian, Spanish and French.
Are of legal age (18+).
Great reading and comprehension skills in English. All the training material and guidelines provided are available in English only!.
Ability to meet daily KPI's.
Excellent time management
Ability to work independently
Flexibility, ability to adapt and react to changing priorities quickly and efficiently
Ability to track, analyze, and report issues
Full-time availability
Availability to work from our Barcelona office.
Ability to understand and implement feedback.
Find comfort in detail-oriented work.",2.7,"TransPerfect Translations Inc.
2.7",Barcelona,-1,-1,-1,-1,-1,Consultoría,-1,-1
21,BI Data Analyst and Data Visualization,-1,"Desde Hays estamos colaborando con Fluidra, multinacional líder en el sector de la Piscina y Wellness con presencia en más de 45 países (ubicada en el Vallés) . ¿List@ para un nuevo reto?

Actualmente estamos gestionando una interesante posición de BI Data Analyst & Data Visualization para formar parte del equipo Global IT BI & Analytics de Fluidra.

La Misión...

Identificar las necesidades de inteligencia de negocio, informes y análisis de datos.
Trabajar en estrecha colaboración con los usuarios y los equipos de IT para convertir los datos en información crítica y pueda utilizarse para facilitar la toma de decisiones.
Comprender el negocio de manera que le permita identificar y abordar problemas críticos.
Proporcionar datos precisos, congruentes y fiables, y asegurar que la información esté fácilmente disponible.
Realizar una tarea de educación y evangelización, realizando formaciones a los usuarios para que sepan utilizar tanto la herramienta de consumo de BI como los datos.
Trabajar en la definición e implementación de los KPI de negocio, y colaborar en el desarrollo de la estrategia de BI y almacenamiento de datos, incluido el diseño e implementación de cuadros de mando, alertas e informes, siendo clave la capacidad para presentar la información de manera estructurada y ofrecer los resultados a todos los niveles de gestión.

Responsabilidades y funciones:
Realizar el diseño y desarrollo de soluciones complejas y multifuncionales basados en herramientas de BI.
Participar en la planificación del trabajo incluyendo el análisis, diseño técnico, desarrollo, pruebas y puesta en marcha.
Realizar actividades de análisis funcionales y de procesos y toma de requerimientos y realizar el desarrollo de los casos de uso.
Diseñar ""vistas"" y perspectivas de datos e implementar informes y cuadros de mando tanto corporativos como personalizados.
Realizar análisis utilizando datos en diferentes formatos y desde varias plataformas.
Dar soporte en la creación de modelos para ayudar a identificar y analizar problemas.
Realizar exploración de los datos y descubrimiento de patrones, relaciones significativas, anomalías y tendencias.
Desarrollar, ejecutar y documentar planes de prueba de usuario.
Dar soporte a los equipos de IT y de prueba.
Resolución de problemas e incidencias basados en los resultados de la prueba.
Analizar los resultados de las pruebas para garantizar que la solución satisfaga las necesidades de negocio.
Validación de que los datos consolidados estén dentro de los estándares de calidad requeridos.
Mantener el repositorio de metadatos / diccionario de datos.

Formación Requerida:
Licenciatura o ingeniería en informática, sistemas de información, formación / certificación especializada, o experiencia laboral equivalente.
Especialización: Sistemas basados en el análisis de información, Business Intelligence, BigData y Analítica Avanzada de datos
Conocimientos informáticos: SQL Server, Analysis Services. Se valorará el conocimiento de otras BBDD relacionales y nosql. / Power BI con capacidad para el desarrollo en lenguaje DAX, PowerQuery, MDX. Se valorará otros lenguajes de programación como R y Python. / Conocimiento de Azure y AWS

Si quieres obtener más información y comentar más en detalle puedes escribirme a judit.gispert@hays.es.",3.8,"Hays
3.8",La Garriga,-1,-1,-1,-1,-1,-1,-1,-1
22,Project Manager - Business Data Analyst | Stage,-1,"La mission

Au sein de l'équipe de Gracia Media Web à Barcelone, vos missions seront les suivantes :

Participation aux problématiques liées au pilotage de l’activité digitale grâce aux indicateurs clés de performance, à l’optimisation de la conversion des sites Internet par le biais d’analyses et de tests
Mise en place de reportings automatiques pour le suivi d’actions / de KPI définis avec les équipes marketing internes
Exploiter les différentes bases de données disponibles en interne pour mettre en place un suivi de la performance en temps réel et ainsi détecter très rapidement une rupture de tendance sur un KPI
Définir des recommandations et suivre leur mise en place
Participation au développement international du site startdoc.fr, ouverture du site aux USA et au UK

Vos missions seront partagées de la manière suivante :
30% tech / data analysis
40% marketing
30% project management
Le profil recherché
Vous avez de bonnes capacités analytiques; de la préparation des données à la restitution des résultats
Vous avez une sensibilité business (marketing / digital / commercial / CRM)
Vous parlez couramment anglais. La maîtrise de l'italien et/ou de l'espagnol est un plus
Vous êtes étudiant de niveau Bac +4/5 en école d'ingénieur",-1,Gracia Media Web,Barcelona,-1,-1,-1,-1,-1,-1,-1,-1
23,DATA ANALYST/DATA ENGINEER - ALTERYX/TABLEAU,-1,"6 months

Barcelona

I have an excellent opportunity for a Data Integration Lead with Alteryx (Data profiling, transformation etc.) experience to join a leading international client in Barcelona, Paris or Warsaw on a minimum 6 month contract with option to extend long term.

Data & Integration Lead
Under the guidance of TM1 Architect and Core Delivery Lead plays the role of Lead integration architect.
Lead data integration activities from multiple source systems
Monitors data profiling, data quality, data integration, data enrichment & data monitoring
Work with Deployment Product Owner to secure: integration of the solution across multiple systems; help build components of the integration solution; suggest routine automation of data interfaces
Propose data reconciliation processes",4.3,"MRP Global
4.3",Barcelona,-1,-1,-1,-1,-1,-1,-1,-1
24,IT Business Data Analyst,-1,"Grupo Constant, nació en Canarias en 1987 como grupo empresarial experto en el área de los Recursos Humanos y cuenta con más de 50 delegaciones en toda España para poder estar cerca de nuestros clientes. La especialización en Recursos humanos y el profundo conocimiento de nuestros profesionales en los distintos sectores donde operamos, nos permite ofrecer un amplio portafolio de soluciones eficaces, innovadoras y con la mejor relación calidad-precio del mercado en el ámbito del outsourcing, trabajo temporal, servicios generales y formación.

La cada vez más importante gestión de los recursos humanos como factor clave de éxito empresarial motiva a Grupo Constant a innovar en este campo y ofrecer servicios adaptados a cada tipología de proyecto. Los expertos en recursos humanos de nuestra empresa, analizan constantemente las últimas tendencias a nivel mundial, para poder aplicarlas en beneficio de nuestros clientes. Fruto de esta filosofía, Grupo Constant es una empresa líder en la gestión de personas.

Para formar parte de nuestro equipo, precisamos incorporar un/a IT Business Data Analyst cuyas funciones principales serán:

Dar sentido y significado a los datos que se recogen de los proyectos de integración de Big Data del Grupo.
Analizar los resultados de las estrategias de inteligencia de negocio, siendo parte fundamental en el proceso de recopilación de grandes cantidades de datos en diferentes formatos.
Transformar datos en información relevante y útil para el Grupo.

Responsabilidades clave:
Interpretar datos, analizar resultados utilizando técnicas estadísticas y proporcionar informes continuos.
Adquirir datos de fuentes de datos primarias o secundarias para enriquecer los datos de análisis.
Identificar, analizar e interpretar tendencias o patrones en conjuntos de datos complejos para encontrar conclusiones.
Identificar y proponer mejoras basadas en información de datos.
Realizar auditorías de migración de datos, conciliación e informes de excepciones.
Liderar iniciativas basadas en datos para mejorar la toma de decisiones de la empresa y el conocimiento del negocio.
Trabajar directamente con los equipos de Operaciones, Dirección de Negocio y Áreas Corporativas para apoyar sus procesos y sistemas, comprender sus desafíos/requisitos empresariales y ayudar a identificar mejoras y soluciones.
Ayudar a planificar, implementar y administrar las pilas tecnológicas utilizadas en los diferentes departamentos.
Ayudar a planificar nuevas soluciones y a garantizar que las soluciones existentes satisfagan las demandas del Negocio y sus principales partes interesadas.
Ayudar a desarrollar y mantener análisis y paneles de control para apoyar al Negocio.
Ayudar a mantener una hoja de ruta de los sistemas estratégicos que describa la arquitectura de aplicaciones empresariales actual y futura.

Se requiere:
Ingeniería Informática o formación equivalente.
Experiencia de 2 a 4 años en análisis/visualizaciones y en proyectos utilizando Power BI y SQL.
Planificación y organización.
Persona resolutiva.
Comunicación.
Orientación al cliente y a resultados.
Iniciativa, autonomía y proactividad.
Trabajo en equipo.

Se precisa experiencia:
En desarrollo de informes y paneles con Power BI, estando al día con la versión actual de Power BI y sus capacidades.
Trabajando con implementación de contenido en espacios de trabajo de Power BI.
En la gestión del ciclo de vida de informes y aplicaciones empresariales.
Trabajando con Analysis Services.
En Power Query (también conocido como el lenguaje ""M"" que utiliza el motor de consulta de datos de Power BI) experiencia de transformación de datos.
En base de datos SQL Server/PostgreSQL y escritura de consultas.
En todos los aspectos de Power BI, incluido el establecimiento de gateways, el uso de incrustación, DAX y M (Power Query).
En la manipulación de datos en SQL.
En diseño e implementación de modelos de datos e integración de datos.
En desarrollo del diseño de la maqueta de Power BI y carga del tablero con datos reales.
En implementar los comentarios de los usuarios y crear la versión final del tablero.
En actualizar el prototipo con datos en vivo.
En realizar transformaciones de datos (si es necesario) para crear datos en un formato que pueda escalarse fácilmente en diferentes geografías / categorías.
En migración de soluciones al entorno de producción.
En preparar documentaciones holísticas (de proceso y técnicas) para permitir la transferencia adecuada de conocimiento tanto del proceso como de la solución al equipo de producción.

Se valora:
Experiencia de programación R y Python.
Experiencia en el desarrollo integrado de Power BI (ahora conocido como Premium Embedded).
Conocimientos de Power Apps y Power Automation.
Experiencia de SQL Server Reporting Services.
Experiencia en automatización SQL (Integration Services) y creación de cubos (Analysis Services).
Comprensión de la pila de tecnología de Microsoft (SSRS, Servicios de integración de Azure SQL Server, Analysis Services, Tabular Reporting Services, etc.).
Experiencia en la implementación de llamadas y autenticación API REST.
Experiencia trabajando con metodologías ágiles de gestión de proyectos.
Experiencia en diseñar, desarrollar, ajustar y mantener paquetes ETL utilizando herramientas ETL como SSIS e Pentaho.",2.0,"Grupo Constant Selección
2.0",Barcelona,-1,-1,-1,-1,-1,-1,-1,-1
25,Data Analyst/Growth Engineer - VIE - Barcelona,-1,"Nous, c’est papernest.

Nous avons un rêve : un monde sans paperasse. Un monde où les phobiques administratifs comme nous vivent enfin protégés de l'angoisse du formulaire et des majorations pour retard de paiement.

Par contre, on ne va pas te mentir, il y a du boulot. C’est pourquoi nous cherchons des personnes investies et hyper enthousiastes pour nous accompagner dans l’aventure.

Car depuis 2015, nous n’avons pas chômé. Avec 4+ millions de déménagements par an en France, et 76% des Français qui se disent stressés par l’événement, nous avons décidé d’attaquer le sujet en commençant par cette opportunité-là. Résultat : nous avons créé la seule plateforme qui permette de transférer tous ses contrats lors d’un déménagement, 100% gratuitement, 100% en ligne. A l’heure où nous soufflons notre 5ème bougie, nous sommes 400+ collaborateurs, avons accompagné plus de 500 000 utilisateurs, avons ouverts les marchés français, espagnol et italien et sommes présents à Paris et Barcelone.

Nous voyons les choses en grand : une équipe bouillonnante d'idées aux quatre coins du globe, et des millions d'utilisateurs ayant recours à papernest tous les mois pour leurs démarches, en 1 clic.

Basé(e) dans nos nouveaux locaux de Barcelone et rattaché(e) à l’équipe Marketing, tu travailleras directement avec le Lead Growth Hacking pour trouver de nouveaux canaux d'acquisition et ainsi augmenter le volume des utilisateurs des services de papernest.

Tu seras amené(e) à tester et mettre en place des plateformes d'acquisition (adwords, facebook ads, website…), pour générer du trafic puis optimiser la conversion à toutes les étapes du funnel. Tu n'as pas peur de ""craquer"" de nouvelles techniques de growth, de créer from scratch de nouveaux canaux d'acquisition et de convertir ces leads.

Afin d'analyser, tester et scaler de nouvelles verticales, tes principales missions seront :
Mener l’implémentation technique de projets growth
Tester, itérer et mettre en place de nouvelles méthodes d’acquisition (adwords, facebook ads, website) en définissant de nouveaux parcours utilisateurs
Créer des landing pages afin de transformer ces potentiels utilisateurs
Convertir ces leads en créant de nouveaux produits/parcours ou en les redirigeant vers les services de papernest
Reporter et analyser toutes les données obtenus pour être toujours plus efficace et performant
Automatiser et mettre en relations tous les différents outils utilisés (zappier, hubspot, google analytics, big query, gsheet)
Requirements

Profil recherché
Issu(e) d’une top école d’ingénieur avec envie d'avoir un fort impact business, ou d'une top ecole de commerce avec une forte appétence pour les sujets techniques
Familier avec au moins un de ces langages de programmation (HTML/CSS, SQL, Javascript, Python)
Envie d’apprendre et de monter en compétences sur de nombreux sujets & tools techniques
Tu es un(e) doer et tu n’as pas peur de mettre les mains dans le cambouis
Tu te reconnais dans la maxime: “Move fast and break things”
Fluent en anglais est un +
Benefits
contrat VIE de 18 mois (Pour être éligible pour un VIE tu dois avoir moins de 29 ans)
VIE salaire mensuel : 1750€
Assurance santé et relocalisation (vol)",4.0,"papernest
4.0",Barcelona,-1,-1,-1,-1,-1,-1,-1,-1
26,Data Engineer/ Data Analyst,-1,"Buscamos un Data Engineer/ Data Analyst con conocimientos en ecosistema Apache-Hadoop, te incorporaras a un proyecto dentro de un cliente del sector transporte y logística cuya ubicación está en el Prat de Llobregat.

Your mission

Be our technical mentor in the new big data solution we are building: analyse the requirements, perform challenging designs, participate in the platform architecture decisions, design and bring to live data related applications managing the complete life cycle.
Lead the creation of the data pipelines that brings up the data collected from the different data sources into valuable information and helps the business to answer questions and make transcendental decisions
Guarantee the maintenance, scalability and reliability of the data platform with a continuous improvement approach over all the ecosystem
Provide your master advices in the definition of the data governance, code management and development best practices
Act as one of our evangelists of a Data Driven Company helping the company to maximize the data use profit.

What we are looking for:
You’ve a BS/MS degree in Computer Science, Mathematics, Engineering or a related subject.
You’ve got 3 to 5 years of proven experience as a Data Architect or Data Engineer.
You are an expert in Hadoop big data ecosystem, and you always try to find the optimum combination of the available tools to figure out a solution for a business need.
Generating data processes in Spark with excellence in the performance, code reuse, scalability and maintenance is not a big challenge for you.
You can code in Scala or Python blind-folded, but you also know other languages such as Sql or Java.
You can design pipelines for both, batch and streaming processes (i.e.: kafka).
You know building and managing relational and no relational databases such as Hive, Hbase or SparkSQL and you are familiar to Data lakes building and multi-source data extract (DBs, APIs, IoTs, etc.).
You know how to manage on-prem ecosystem, but you also have cloud computing knowledge.
You have Business Intelligence skills and you have some knowledge of BI tools such a power BI, Tableau or Qlik.
You love challenges, learning new concepts and you have a positive attitude.
Working in agile and communicating in English is not a problem for you.

Bonus track:
You know how to manage on-prem infrastructure, but you also have cloud computing infrastructure knowledge.
You are happy working in a CI/CD environment, you like programming patterns and you have code clean practices.
You know multiple modern programming languages: Serverless, javascript, node.js, GaphQL.
You feel comfortable working with Machine Learning, cognitive computing and AI techniques.
You have Business Intelligence skills and you have some knowledge of BI tools such a power BI, Tableau or Qlik.
You can speak business language and you are able to explain crystal clear to any person in the organization the techiest part of your ecosystem.
Working in agile and communicating in English is not a problem for you.",-1,ToBeIT,Barcelona,-1,-1,-1,-1,-1,-1,-1,-1
27,Bioinformatics Data Analyst (RE2),-1,"Job Reference
104_20_LS_INB_RE2
Position
Bioinformatics Data Analyst (RE2)
Closing Date
Sunday, 31 May, 2020
Reference: 104_20_LS_INB_RE2
Job title: Bioinformatics Data Analyst (RE2)

About BSC

The Barcelona Supercomputing Center - Centro Nacional de Supercomputación (BSC-CNS) is the leading supercomputing center in Spain. It houses MareNostrum, one of the most powerful supercomputers in Europe, and is a hosting member of the PRACE European distributed supercomputing infrastructure. The mission of BSC is to research, develop and manage information technologies in order to facilitate scientific progress. BSC combines HPC service provision and R&D into both computer and computational science (life, earth and engineering sciences) under one roof, and currently has over 650 staff from 49 countries.

Look at the BSC experience:
BSC-CNS YouTube Channel
Let's stay connected with BSC Folks!

Context And Mission

ELIXIR (European Life Science Infrastructure for Biological Information) is a pan-European organization founded in 2014, which aims to integrate and harmonize European bioinformatics infrastructures. ELIXIR coordinates the participation of more than 20 countries, engages with other strategic European initiatives and projects e.g. ESFRI, Research Data Alliance, EUDat, EGI; promotes specific training activities and workshops on ELIXIR resources, partners with industry, and play a key role in shaping the bioinformatics landscape. Spain is a member of ELIXIR since 2015, with the INB (Spanish National Bioinformatics Institute) as the Spanish national node. Within ELIXIR, the INB is responsible for the bioinformatics infrastructure offered by Spain, and therefore, should guarantee its alignment to the strategic areas put forward by ELIXIR.

Indeed, the INB has been recently renovated for the period 2018 – 2020 with two overarching objectives: increase the alignment of its activities with ELIXIR, and increase the translational impact of INB actions towards the Spanish National Health System (SNS). For the later objective, the INB has created and support TransBioNet (Translational Bioinformatics Network) which aims to structure, bring together and work with bioinformatics groups at healthcare settings with a special focus on the Health Research Institutes (IIS) recognized by the ISCIII.

VEIS project (expedient number 001-P-001647) has been co-financed in a 50% with 1.951.429,38€ by the European Union European Regional Development Fund within the Catalonian 2014-2020 Operative Programme FEDER, with the Generalitat de Catalunya Support.

Key Duties

Contribute to the development of a Virtual Research Environment (VRE) for various research projects at the Life Sciences Department.
Manage and support users of the INB computational resources, including computational equipment, databases, and software infrastructure
Develop, document and maintain software for the integration and biological data, following the guidelines of ELIXIR.
Maintain communication with ELIXIR platforms, communities, and management, participate in their regular meetings and discussions.
Contribute to supervise junior members at the INB/ELIXIR-ES units.

Requirements

Education
BSc or MSc. in bioinformatics, computational biology or computer sciences with significant bioinformatics experience.
Essential Knowledge and Professional Experience
At least 2 years of professional experience with a similar role
Experience in cloud computing
Experience in data management APIs and most common bioinformatics data sources and formats
Experience in database design and management (SQL and noSQL): MySQL/MariaDB, PostgreSQL, SQLite or similar; MongoDB, ElasticSearch, Cassandra or similar
Experience with advanced software packaging procedures
At least 2.5 years of professional experience on programming languages ecosystems such as C++, Perl, Python, PHP and/or Java
Vast experience working with Unix/Linux systems
Additional Knowledge and Professional Experience
Experience on the development, generation and use of software containers e.g. Docker, Singularity and/or rkt, as well as their orchestration using docker compose, kubernetes, ansible and/or similar technologies
Experience on workflow managers such as Galaxy, Nextflow or similar
Experience on developing project technical specifications
Competences
Ability of understand scientific literature, and software documentation
Ability to communicate scientific results
Ability to work independently
Ability to represent the team in international project meetings
Used to work under pressure under strict deadlines

Conditions

The position will be located at BSC within the Life Sciences Department
We offer a full-time contract, a good working environment, a highly stimulating environment with state-of-the-art infrastructure, flexible working hours, extensive training plan, tickets restaurant, private health insurance, fully support to the relocation procedures
Duration: Temporary - 1 year renewable (up to 2 years in total) renewable
Salary: we offer a competitive salary commensurate with the qualifications and experience of the candidate and according to the cost of living in Barcelona
Starting date: asap (project started January 2020)

Applications Procedure

All applications must include:
A Cover Letter with a statement of interest in English, including two contacts for further references - Applications without this document will not be considered

A full CV in English including contact details

Deadline

The vacancy will remain open until suitable candidate has been hired. Applications will be regularly reviewed and potential candidates will be contacted.

Diversity and Equal Opportunity Employment

BSC-CNS is an equal opportunity employer committed to diversity and inclusion. We are pleased to consider all qualified applicants for employment without regard to race, color, religion, sex, sexual orientation, gender identity, national origin, age, disability or any other basis protected by applicable state or local law.",3.4,"Barcelona Supercomputing Center (BSC)
3.4",Barcelona,-1,-1,-1,-1,-1,Software y hardware informático,-1,-1
28,Senior Data Analyst (Customer Service Team),-1,"¿Quiénes somos?

Somos Holaluz y nacimos para hacer el mundo mejor. Llevamos casi una década revolucionando el sector de la energía eléctrica. Tú y el planeta sois lo que nos mueve a ser como somos y a hacer lo que hacemos.Nuestra voluntad de hacer las cosas de un modo distinto nos ha llevado a liderar la transformación del sector. Por eso:

Vendemos solamente electricidad 100% de origen renovable.
Gracias al uso de la tecnología, te ofrecemos productos personalizados y tarifas que te permiten ahorrar.
Te damos la oportunidad de ser dueño de tu energía.

La eléctrica del futuro pasa por un modelo basado en la movilidad eléctrica y en el autoconsumo. Esto quiere decir que consumas la energía de tus propias placas solares y que puedas compartir la que te sobre con otras personas. Eso es lo que desde Holaluz impulsamos para que las personas seamos dueñas de nuestra propia energía. Una energía que, al ser tuya, eres libre de gestionar como quieras.En definitiva tenemos la misión de conectar a la gente con la energía 100% verde, ¡¿nos ayudas?!

¿Qué harás?Formarás parte del equipo de operaciones, con el focus en el equipo de Servicio de Atención al Cliente y ser la voz del cliente para Holaluz. El lenguaje es secundario ¡tu mentalidad de desarrollo de análisis es lo que más vas a usar!

Realizar el forecast de carga de trabajo de Atención al Cliente, planificar y realizar seguimiento de la capacidad para dar cobertura en el corto, medio y largo plazo.
Realizar la Interlocución con los administradores de las herramientas utilizadas para la prestación del Servicio: gestión de usuarios, cambios y mejoras,…
Creación y desarrollo de los KPI de SAC con el objetivo de desarrollar modelos e informes ad hoc, compartiendo observaciones y recomendaciones, donde eres libre de crear modelos estadísticos, siendo responsable del correspondiente diagnóstico, evaluación y mejora del rendimiento de estos modelos.
Ser el enlace y desarrollador de Customer Service con los equipos PO de Holaluz.
Desarrollar una planificación clara y estructurada de los datos con el objetivo de identificar las oportunidades de mejora y conocer qué necesita el cliente externo e interno.
Creación, desarrollo e implementación de los diferentes proyectos que impactan a SAC.
Trabajar en la configuración de la infraestructura de datos de SAC que impacta en la gestión del cliente, incluidas las plataformas de análisis, almacenamiento y reporte de datos.
Estructura de las actividades del personal para garantizar las ejecuciones eficientes de las funciones.
Creación, desarrollo y mantenimiento del flujo de datos que respaldan los procesos y procedimientos.
Crear y ejecutar actividades de gestión de cambios con respecto al análisis de datos en todas las áreas que impactan a Customer Service con el objetivo de la búsqueda de información crítica y comunicar estos puntos no solo a los departamentos relevantes sino a la empresa en general ya que Holaluz trabaja por y para el Cliente, por lo que no solamente queremos quedarnos en identificar y comunicar riesgos o problemas en proyectos / programas iniciados por los departamentos asignados sino comunicar y hacer seguimiento de esta información
Identificar, crear y estandarizar los diferentes tipos de datos que necesitan seguimiento para mejorar el rendimiento del negocio. generando informes asequibles de interpretar basados en los datos recopilados.
Trabajar con el equipo directivo para priorizar los cambios sugeridos para cada segmento de negocio.
Utilizar métodos estadísticos para identificar áreas de mejora operativa y hacer sugerencias para racionalizar los procesos.
Crear y redactar procedimiento mejorados para todos los departamentos afectados, y que impacten directamente en Customer Service .
Trabajar con los equipos para crear pautas de recolección de datos para uso interno y traducir las mismas en una mejora de atención al cliente.
En 1 mes…

Después del primer mes ya sabrás cómo está todo montado, te habrás empapado de su cultura y su visión, te habrás reunido con todos los equipos y sabrás qué es lo que hacen y qué necesitan.

Empezarás a analizar las decisiones que han hecho los diferentes equipos y áreas para empezar a enfrentarte a tus primeros retos.

También habrás ido a comer algún día con las personas del equipo, habrás asistido a algunas de las sesiones que hacemos con el objetivo de que fluya el conocimiento

En 3 meses…

Seguro que ya habrás tomado muchas decisiones sobre cómo aportar valor en tu equipo y estarás trabajando codo a codo con tus colegas, en otras palabras, habrás visto la LUZ.

Habrás disfrutado de algún team building con el equipo y habrás tenido la oportunidad de hacer más de una presentación.

En 6 meses…

Tendrás (casi) todo bajo control y habrás contribuido en la madurez y crecimiento de tu equipo. Habrás aportado valor más allá de tu equipo compartiendo conocimiento, y haciendo valer toda tu experiencia para mejorar el área de backend.

Además, habrás tenido varias reuniones con tu responsable para saber cómo te sientes en tus primeros meses con Holaluz.

¿Cómo lo harás?En Holaluz las reuniones y decisiones se hacen de forma colaborativa, el feedback fluye entre diferentes departamentos, promueven el apoyo entre las personas y las decisiones tecnológicas se toman en consenso.

Trabajarás mano a mano con todo el equipo de Holaluz, hay muy buena relación personal y mucho respeto profesional por las decisiones que cada persona toma en su área. Buscan que te autogestiones y busques la excelencia en tu trabajo.

¿Qué necesitamos?

Hemos pensado muy muy bien lo que buscamos y lo que de verdad importa:

Licenciatura en Ciencias Empresariales/Económicas, Matemáticas o Ingeniería.
Más de 5 años de experiencia.
Habilidades matemáticas de alto nivel y capacidad de traducir información matemática en informes concisos.
Capacidad para trabajar eficazmente con la dirección y formar parte de un equipo para alcanzar los objetivos.
Gran atención a los detalles.
Capacidad para trabajar en equipo
No hace falta que seas Shakespeare, pero sí que puedas comunicarte en Inglés

Todo suma, así que si tienes alguna de estas cosas SUMA Y SIGUE:

Capacidad de análisis y valoración en proyectos y procesos.
Formación y experiencia en análisis de datos.
Manejo de las nuevas Tecnologías de la Información y la Comunicación:
Conocimientos avanzados en la utilización de las herramientas informáticas del paquete MS OFFICE.
Elaboración de presentaciones en Power Point.

Requisitos deseables:
Master of Business Administration.
Orientación al Cliente.
Capacidad para mantener relaciones interpersonales.
Alta capacidad de implicación, dedicación y motivación.
Elevada orientación a la consecución de objetivos y al cumplimiento de resultados.
Excelente capacidad de análisis.

Con quién lo harás

Somos un equipo de casi 20 personas con un ambiente inmejorable.

Dónde lo harás

Todo el equipo está junto en sus oficinas de Barcelona a 200 metros del mar

¿Qué ofrecemos?

Unirte a la primera eléctrica europea con Certificado B Corp (empresas que innovan para maximizar su impacto positivo en los empleados, la comunidad donde sirven y el medio ambiente).
Empresa certificada como Baby Friendly Company. Equal parental leave (igualando la baja paternal a la maternal). Nursery para ayudar a integrar la vida y el trabajo para los nuevos padres . “Casals” esas semanas del año en las que compaginar vacaciones de los niños y trabajo se hace un poco más complicado.
Unirte a una empresa donde las personas son lo primero, con un entorno de trabajo inmejorable y gran talento en donde vivimos nuestros valores.
Desarrollo profesional sin límites en una empresa apasionante y un equipo con desafíos constantes.
Nuestra propia biblioteca, con contenido muy diverso.
Ser parte de una empresa orientada a objetivos y orientada a resultados. Aplicamos metodologías ágiles y la filosofía de escalamiento a todo lo que hacemos
Clases de inglés y catalán en la oficina.
Horario flexible, como resultado de nuestra mentalidad pro responsabilidad y autonomía.
Subscripción con cuota muy reducida en G4L, que incluye clases de yoga y crossfit en la oficina. Mens sana in corpore sano.
Subscripción con cuota muy reducida de mutua médica.
Sistema de retribución flexible en guardería, transporte y comida con Cobee.
Fruta ecológica cada día.
La oportunidad de contribuir al crecimiento de una empresa que quiere cambiar el mundo.

”Celebramos la diversidad en el mundo y queremos que nuestro equipo refleje esto de manera inclusiva. En Holaluz, estamos comprometidos con la igualdad de oportunidades de empleo independientemente de la raza, religión, sexo, origen nacional, orientación sexual, edad, estado civil, discapacidad, género, identidad o expresión de género. Además, nos esforzamos por empoderar a las mujeres en el lugar de trabajo.”",-1,Digital Talent Hub,Barcelona,-1,-1,-1,-1,-1,-1,-1,-1
