,collaborative,href,id,images,name,primary_color,public,snapshot_id,type,uri,external_urls.spotify,owner.display_name,owner.external_urls.spotify,owner.href,owner.id,owner.type,owner.uri,tracks.href,tracks.total
0,False,https://api.spotify.com/v1/playlists/3ypuzkCtKGOQ0Y63x295Jx,3ypuzkCtKGOQ0Y63x295Jx,"[{'height': 640, 'url': 'https://mosaic.scdn.co/640/011587aeea7675f6b8bcd2204dbdef7c96c58466774eaf41ff0c3bee8e7f7a57104aded2b7a7cf3c89b4e2faaef4dd2fca07238c4fe1c4ded7251eadd8842fb44aadb8f34c944e385b2bff667e60c77a', 'width': 640}, {'height': 300, 'url': 'https://mosaic.scdn.co/300/011587aeea7675f6b8bcd2204dbdef7c96c58466774eaf41ff0c3bee8e7f7a57104aded2b7a7cf3c89b4e2faaef4dd2fca07238c4fe1c4ded7251eadd8842fb44aadb8f34c944e385b2bff667e60c77a', 'width': 300}, {'height': 60, 'url': 'https://mosaic.scdn.co/60/011587aeea7675f6b8bcd2204dbdef7c96c58466774eaf41ff0c3bee8e7f7a57104aded2b7a7cf3c89b4e2faaef4dd2fca07238c4fe1c4ded7251eadd8842fb44aadb8f34c944e385b2bff667e60c77a', 'width': 60}]","Various Artists – Electro Swing Fever, Vol. 3",,True,Miw1ZmMyMjZlYzlhYTVmZWViZDA1NWIzNzVmMzdjNzc0ZTZjNzMzYzdl,playlist,spotify:playlist:3ypuzkCtKGOQ0Y63x295Jx,https://open.spotify.com/playlist/3ypuzkCtKGOQ0Y63x295Jx,Josep Foradada,https://open.spotify.com/user/nerken,https://api.spotify.com/v1/users/nerken,nerken,user,spotify:user:nerken,https://api.spotify.com/v1/playlists/3ypuzkCtKGOQ0Y63x295Jx/tracks,60
1,False,https://api.spotify.com/v1/playlists/03aHsHAJv9vHySsb82CYB7,03aHsHAJv9vHySsb82CYB7,"[{'height': 640, 'url': 'https://mosaic.scdn.co/640/2cb93e15a296ff1cbc5b7802c6db8d387c74d70f6bcefa5480fc9abc86eec1bb026bb1f5ccafea816ce0d60b930b8c1525d8df7223d40ab7895f563296751c3485d2cecd46150230af6bc9f58b923059', 'width': 640}, {'height': 300, 'url': 'https://mosaic.scdn.co/300/2cb93e15a296ff1cbc5b7802c6db8d387c74d70f6bcefa5480fc9abc86eec1bb026bb1f5ccafea816ce0d60b930b8c1525d8df7223d40ab7895f563296751c3485d2cecd46150230af6bc9f58b923059', 'width': 300}, {'height': 60, 'url': 'https://mosaic.scdn.co/60/2cb93e15a296ff1cbc5b7802c6db8d387c74d70f6bcefa5480fc9abc86eec1bb026bb1f5ccafea816ce0d60b930b8c1525d8df7223d40ab7895f563296751c3485d2cecd46150230af6bc9f58b923059', 'width': 60}]",Bishop Allen,,True,OCwxOTkxZmQ5MzM0NzUyMjc3NTFjYjI3NzI4MTVhNzIyZWIwNDJjN2I3,playlist,spotify:playlist:03aHsHAJv9vHySsb82CYB7,https://open.spotify.com/playlist/03aHsHAJv9vHySsb82CYB7,Josep Foradada,https://open.spotify.com/user/nerken,https://api.spotify.com/v1/users/nerken,nerken,user,spotify:user:nerken,https://api.spotify.com/v1/playlists/03aHsHAJv9vHySsb82CYB7/tracks,85
2,False,https://api.spotify.com/v1/playlists/6uzNpJIT2e1cOHVhYdg8Kr,6uzNpJIT2e1cOHVhYdg8Kr,"[{'height': 640, 'url': 'https://i.scdn.co/image/b0530ff0004d554d4872dc7d9e2c31b56aebe70b', 'width': 640}]",ONE,,True,MyxlYjI0MGViNWE2MjAzMGRmOWEwOThkYWY3NjNhYmJmNzNhMGQ4MGUz,playlist,spotify:playlist:6uzNpJIT2e1cOHVhYdg8Kr,https://open.spotify.com/playlist/6uzNpJIT2e1cOHVhYdg8Kr,Josep Foradada,https://open.spotify.com/user/nerken,https://api.spotify.com/v1/users/nerken,nerken,user,spotify:user:nerken,https://api.spotify.com/v1/playlists/6uzNpJIT2e1cOHVhYdg8Kr/tracks,1
3,False,https://api.spotify.com/v1/playlists/7uuoJ3glhbTcKGo4PzqQu8,7uuoJ3glhbTcKGo4PzqQu8,"[{'height': 640, 'url': 'https://i.scdn.co/image/357a1d6a7600d4dad7d329f7c206671c7b19e73e', 'width': 640}]",Various Artists – Música Clássica: Mais Famosas,,True,MyxkZGQ1YjI1MmJkZmIxNmYzZDBkMzU4MTRiZDg1YTM5MGE2MmNiMTA0,playlist,spotify:playlist:7uuoJ3glhbTcKGo4PzqQu8,https://open.spotify.com/playlist/7uuoJ3glhbTcKGo4PzqQu8,Josep Foradada,https://open.spotify.com/user/nerken,https://api.spotify.com/v1/users/nerken,nerken,user,spotify:user:nerken,https://api.spotify.com/v1/playlists/7uuoJ3glhbTcKGo4PzqQu8/tracks,50
4,False,https://api.spotify.com/v1/playlists/3adsbUvUtQcVmqSdCpRNIH,3adsbUvUtQcVmqSdCpRNIH,"[{'height': 640, 'url': 'https://i.scdn.co/image/3b65c4d1d69be96659f93253944ddb79f7693999', 'width': 640}]",Nice COVERS,,True,Myw2Y2FmN2FjNmYzODA1NGU4YjQzMTk2MWYwMTA1N2JlYWZlMjk3ZmE3,playlist,spotify:playlist:3adsbUvUtQcVmqSdCpRNIH,https://open.spotify.com/playlist/3adsbUvUtQcVmqSdCpRNIH,Josep Foradada,https://open.spotify.com/user/nerken,https://api.spotify.com/v1/users/nerken,nerken,user,spotify:user:nerken,https://api.spotify.com/v1/playlists/3adsbUvUtQcVmqSdCpRNIH/tracks,1
5,False,https://api.spotify.com/v1/playlists/5mLQ2pzeGmEwuc7NFrsmp6,5mLQ2pzeGmEwuc7NFrsmp6,"[{'height': 640, 'url': 'https://mosaic.scdn.co/640/385e5359ea930a0d98bc1fafea7d2fcecba4d7c53e7e7da3027e9115242e0a4453ac7a704ac34cb4d3dfbe8ccccc078d4d60996c0db1ecb44b989a45dc36596ef966d862d0db7c1916b5dcce001d12d8', 'width': 640}, {'height': 300, 'url': 'https://mosaic.scdn.co/300/385e5359ea930a0d98bc1fafea7d2fcecba4d7c53e7e7da3027e9115242e0a4453ac7a704ac34cb4d3dfbe8ccccc078d4d60996c0db1ecb44b989a45dc36596ef966d862d0db7c1916b5dcce001d12d8', 'width': 300}, {'height': 60, 'url': 'https://mosaic.scdn.co/60/385e5359ea930a0d98bc1fafea7d2fcecba4d7c53e7e7da3027e9115242e0a4453ac7a704ac34cb4d3dfbe8ccccc078d4d60996c0db1ecb44b989a45dc36596ef966d862d0db7c1916b5dcce001d12d8', 'width': 60}]",FB,,True,ODksY2UyNjhkYjgwYjk2MDc4MTNlZjBiMmJmNjg0Njg1NTRlYTM4MjIzOA==,playlist,spotify:playlist:5mLQ2pzeGmEwuc7NFrsmp6,https://open.spotify.com/playlist/5mLQ2pzeGmEwuc7NFrsmp6,Josep Foradada,https://open.spotify.com/user/nerken,https://api.spotify.com/v1/users/nerken,nerken,user,spotify:user:nerken,https://api.spotify.com/v1/playlists/5mLQ2pzeGmEwuc7NFrsmp6/tracks,81
6,True,https://api.spotify.com/v1/playlists/7nW9BlocQCzpeLwufiJ4RJ,7nW9BlocQCzpeLwufiJ4RJ,"[{'height': 640, 'url': 'https://mosaic.scdn.co/640/299ea65f2b2187d43f72ae8d06dcff080e22f71d63ec02f08ee05df836899341db2519f6336150a36917af0c3b16f1ab644869e499984f1390ef32d4dc627b2686233921c45a80243d0e6aeb08a6e5bf', 'width': 640}, {'height': 300, 'url': 'https://mosaic.scdn.co/300/299ea65f2b2187d43f72ae8d06dcff080e22f71d63ec02f08ee05df836899341db2519f6336150a36917af0c3b16f1ab644869e499984f1390ef32d4dc627b2686233921c45a80243d0e6aeb08a6e5bf', 'width': 300}, {'height': 60, 'url': 'https://mosaic.scdn.co/60/299ea65f2b2187d43f72ae8d06dcff080e22f71d63ec02f08ee05df836899341db2519f6336150a36917af0c3b16f1ab644869e499984f1390ef32d4dc627b2686233921c45a80243d0e6aeb08a6e5bf', 'width': 60}]",New Playlist,,False,NCxmMWNiZjM2MmIzNzViZjViOTE1OTE4N2RhMjQxODVlMzY0NWJhY2I1,playlist,spotify:playlist:7nW9BlocQCzpeLwufiJ4RJ,https://open.spotify.com/playlist/7nW9BlocQCzpeLwufiJ4RJ,Josep Foradada,https://open.spotify.com/user/nerken,https://api.spotify.com/v1/users/nerken,nerken,user,spotify:user:nerken,https://api.spotify.com/v1/playlists/7nW9BlocQCzpeLwufiJ4RJ/tracks,77
7,False,https://api.spotify.com/v1/playlists/28RqwFckD9aUZqyksBUCKw,28RqwFckD9aUZqyksBUCKw,"[{'height': 640, 'url': 'https://mosaic.scdn.co/640/233137d8b11be59903fe8c3642638c562388a3605a0da5f1455f21a918205ac31ccc8fdad232f0b076f6b00fba3902837e6d2d10576fdc5586200f25f67be61ce9cb6cf03c734efdb5c45511ac25a6f0', 'width': 640}, {'height': 300, 'url': 'https://mosaic.scdn.co/300/233137d8b11be59903fe8c3642638c562388a3605a0da5f1455f21a918205ac31ccc8fdad232f0b076f6b00fba3902837e6d2d10576fdc5586200f25f67be61ce9cb6cf03c734efdb5c45511ac25a6f0', 'width': 300}, {'height': 60, 'url': 'https://mosaic.scdn.co/60/233137d8b11be59903fe8c3642638c562388a3605a0da5f1455f21a918205ac31ccc8fdad232f0b076f6b00fba3902837e6d2d10576fdc5586200f25f67be61ce9cb6cf03c734efdb5c45511ac25a6f0', 'width': 60}]",Reggeton,,True,Niw1OWJmYWRkNjJhYzgxNjg4NTFhYTY2MDM5OTYwNTExZWFjMThkZWZm,playlist,spotify:playlist:28RqwFckD9aUZqyksBUCKw,https://open.spotify.com/playlist/28RqwFckD9aUZqyksBUCKw,Josep Foradada,https://open.spotify.com/user/nerken,https://api.spotify.com/v1/users/nerken,nerken,user,spotify:user:nerken,https://api.spotify.com/v1/playlists/28RqwFckD9aUZqyksBUCKw/tracks,4
8,False,https://api.spotify.com/v1/playlists/17G5Gs4hjwytQt3l6mkph2,17G5Gs4hjwytQt3l6mkph2,"[{'height': 640, 'url': 'https://mosaic.scdn.co/640/0cf1da3fa7e74d17529c1adbcaa1f808c8a186ec423bb5be3eef4aeefebdf84946cf08cc4f4f050165c138c0b68efcbff38621a6689ddecf2245404a93821e3712f1569abf01dbee68e05da753d1aed3', 'width': 640}, {'height': 300, 'url': 'https://mosaic.scdn.co/300/0cf1da3fa7e74d17529c1adbcaa1f808c8a186ec423bb5be3eef4aeefebdf84946cf08cc4f4f050165c138c0b68efcbff38621a6689ddecf2245404a93821e3712f1569abf01dbee68e05da753d1aed3', 'width': 300}, {'height': 60, 'url': 'https://mosaic.scdn.co/60/0cf1da3fa7e74d17529c1adbcaa1f808c8a186ec423bb5be3eef4aeefebdf84946cf08cc4f4f050165c138c0b68efcbff38621a6689ddecf2245404a93821e3712f1569abf01dbee68e05da753d1aed3', 'width': 60}]",Ramon Mirabet,,True,NSxiZGZlMGQzN2YzZTZlM2UzZjNhMjRlMDA2NDY0OWVlMzRjNmZiMzFk,playlist,spotify:playlist:17G5Gs4hjwytQt3l6mkph2,https://open.spotify.com/playlist/17G5Gs4hjwytQt3l6mkph2,Josep Foradada,https://open.spotify.com/user/nerken,https://api.spotify.com/v1/users/nerken,nerken,user,spotify:user:nerken,https://api.spotify.com/v1/playlists/17G5Gs4hjwytQt3l6mkph2/tracks,29
9,False,https://api.spotify.com/v1/playlists/4uBsB8VrlhHkN9Zazl0hO8,4uBsB8VrlhHkN9Zazl0hO8,"[{'height': 640, 'url': 'https://mosaic.scdn.co/640/8ee9286e9e66682b56f0518c147057fe03e86e9da78d739488aac3438fe6f04b9fcf585218123ab9ae65b4fdd32d1727ddd55a2f793e5c511eda86f7f032b5bd403b107b7a326f6392f0c01bff936f15', 'width': 640}, {'height': 300, 'url': 'https://mosaic.scdn.co/300/8ee9286e9e66682b56f0518c147057fe03e86e9da78d739488aac3438fe6f04b9fcf585218123ab9ae65b4fdd32d1727ddd55a2f793e5c511eda86f7f032b5bd403b107b7a326f6392f0c01bff936f15', 'width': 300}, {'height': 60, 'url': 'https://mosaic.scdn.co/60/8ee9286e9e66682b56f0518c147057fe03e86e9da78d739488aac3438fe6f04b9fcf585218123ab9ae65b4fdd32d1727ddd55a2f793e5c511eda86f7f032b5bd403b107b7a326f6392f0c01bff936f15', 'width': 60}]",Josep Francès,,True,OCw0MDM3OGY5MWNmMWUwYmY5NjhhNDA1N2MzYWM3NWJiZWUxNjA3Mjhh,playlist,spotify:playlist:4uBsB8VrlhHkN9Zazl0hO8,https://open.spotify.com/playlist/4uBsB8VrlhHkN9Zazl0hO8,Josep Foradada,https://open.spotify.com/user/nerken,https://api.spotify.com/v1/users/nerken,nerken,user,spotify:user:nerken,https://api.spotify.com/v1/playlists/4uBsB8VrlhHkN9Zazl0hO8/tracks,4
10,False,https://api.spotify.com/v1/playlists/7sKPU13AfyV0yN60OYFELl,7sKPU13AfyV0yN60OYFELl,"[{'height': 640, 'url': 'https://i.scdn.co/image/c3b5d941b9b903a62b9ce015ae73a61f0cd5ae33', 'width': 640}]",Lang Lang – The 50 Greatest Piano Pieces by Lang Lang,,True,MyxmYTFlZjdmODVmYzkxMWE3NGZiNWRjODI0OThjZTZlYTAwYmNkN2Uz,playlist,spotify:playlist:7sKPU13AfyV0yN60OYFELl,https://open.spotify.com/playlist/7sKPU13AfyV0yN60OYFELl,Josep Foradada,https://open.spotify.com/user/nerken,https://api.spotify.com/v1/users/nerken,nerken,user,spotify:user:nerken,https://api.spotify.com/v1/playlists/7sKPU13AfyV0yN60OYFELl/tracks,50
11,False,https://api.spotify.com/v1/playlists/7bsAR19p7zO45OpIpiCqQB,7bsAR19p7zO45OpIpiCqQB,"[{'height': 640, 'url': 'https://mosaic.scdn.co/640/a7f695beb4ef6ab2b472e2806941fa60f48adb20cac606b457b735020197917126ab1693850b25f2ce15a6abf9b12157624a8fdc54fb4509a25b9049d9e35e7ffeede8fd7047376b10b0b7c7dc06ee6f', 'width': 640}, {'height': 300, 'url': 'https://mosaic.scdn.co/300/a7f695beb4ef6ab2b472e2806941fa60f48adb20cac606b457b735020197917126ab1693850b25f2ce15a6abf9b12157624a8fdc54fb4509a25b9049d9e35e7ffeede8fd7047376b10b0b7c7dc06ee6f', 'width': 300}, {'height': 60, 'url': 'https://mosaic.scdn.co/60/a7f695beb4ef6ab2b472e2806941fa60f48adb20cac606b457b735020197917126ab1693850b25f2ce15a6abf9b12157624a8fdc54fb4509a25b9049d9e35e7ffeede8fd7047376b10b0b7c7dc06ee6f', 'width': 60}]",50's,,True,MjYsZWE1ZjdjODIwZjA3Nzg3NmU1ZDRkNWYwNmMxZGQwNGM2OWJlZTY3NA==,playlist,spotify:playlist:7bsAR19p7zO45OpIpiCqQB,https://open.spotify.com/playlist/7bsAR19p7zO45OpIpiCqQB,Josep Foradada,https://open.spotify.com/user/nerken,https://api.spotify.com/v1/users/nerken,nerken,user,spotify:user:nerken,https://api.spotify.com/v1/playlists/7bsAR19p7zO45OpIpiCqQB/tracks,22
12,False,https://api.spotify.com/v1/playlists/0K6zEWxGiCGZLejWC5RjLh,0K6zEWxGiCGZLejWC5RjLh,"[{'height': 640, 'url': 'https://mosaic.scdn.co/640/42b5ca946ea6f72de75263476f66ec6721c5849d5db2adec61e4056714676a11bb8972beef80e857720317b1e5650cd4cea879314c4c77082d6f73e28fd92b53bf323a128bc046aaf3b14bc50561ff43', 'width': 640}, {'height': 300, 'url': 'https://mosaic.scdn.co/300/42b5ca946ea6f72de75263476f66ec6721c5849d5db2adec61e4056714676a11bb8972beef80e857720317b1e5650cd4cea879314c4c77082d6f73e28fd92b53bf323a128bc046aaf3b14bc50561ff43', 'width': 300}, {'height': 60, 'url': 'https://mosaic.scdn.co/60/42b5ca946ea6f72de75263476f66ec6721c5849d5db2adec61e4056714676a11bb8972beef80e857720317b1e5650cd4cea879314c4c77082d6f73e28fd92b53bf323a128bc046aaf3b14bc50561ff43', 'width': 60}]",Favoritos,,False,MyxiZDIzZDI4MmRlMGEyOTA3OTc5MTRiYjdmYjM3ZDQ4N2NmZDU5ZGI1,playlist,spotify:playlist:0K6zEWxGiCGZLejWC5RjLh,https://open.spotify.com/playlist/0K6zEWxGiCGZLejWC5RjLh,Josep Foradada,https://open.spotify.com/user/nerken,https://api.spotify.com/v1/users/nerken,nerken,user,spotify:user:nerken,https://api.spotify.com/v1/playlists/0K6zEWxGiCGZLejWC5RjLh/tracks,9
13,False,https://api.spotify.com/v1/playlists/3fFvSuiHKyiNHj4myybmRM,3fFvSuiHKyiNHj4myybmRM,"[{'height': 640, 'url': 'https://i.scdn.co/image/fb96919dbe6b3096a130e0cfb82b824f284fee0b', 'width': 640}]",Classica Josep,,True,NSw0NjE1ZjFlOThhOTIyMmZiYTg4ZWZmYTc5OTVkMDlmM2Y2MmU4ZDgz,playlist,spotify:playlist:3fFvSuiHKyiNHj4myybmRM,https://open.spotify.com/playlist/3fFvSuiHKyiNHj4myybmRM,Josep Foradada,https://open.spotify.com/user/nerken,https://api.spotify.com/v1/users/nerken,nerken,user,spotify:user:nerken,https://api.spotify.com/v1/playlists/3fFvSuiHKyiNHj4myybmRM/tracks,2
14,False,https://api.spotify.com/v1/playlists/6rcoq12RiupfqlzZK8rEX5,6rcoq12RiupfqlzZK8rEX5,"[{'height': 640, 'url': 'https://i.scdn.co/image/b69ca31c04a10785d9285923f21de8cdfd4a8fc9', 'width': 640}]",The Crab Apples – Right Here,,True,Myw1ZjRhMDBkMzkwNGQ3MTg1MTk3NmFiYTk2MTQwM2JkM2ZiMmE4NmE1,playlist,spotify:playlist:6rcoq12RiupfqlzZK8rEX5,https://open.spotify.com/playlist/6rcoq12RiupfqlzZK8rEX5,Josep Foradada,https://open.spotify.com/user/nerken,https://api.spotify.com/v1/users/nerken,nerken,user,spotify:user:nerken,https://api.spotify.com/v1/playlists/6rcoq12RiupfqlzZK8rEX5/tracks,14
15,False,https://api.spotify.com/v1/playlists/64JY1fITMumLMHvbjyhYHS,64JY1fITMumLMHvbjyhYHS,"[{'height': 640, 'url': 'https://mosaic.scdn.co/640/6448c99fb14812207080d9db8c0434fbbdbf5b3175e18381e088b8f80080b2cdc7e4cf86344b54bf7934d9d3b40817ca7bd4130b67049e4ebbd43ed9dc882634bbf467e86fe2841d16c98bf718e0a793', 'width': 640}, {'height': 300, 'url': 'https://mosaic.scdn.co/300/6448c99fb14812207080d9db8c0434fbbdbf5b3175e18381e088b8f80080b2cdc7e4cf86344b54bf7934d9d3b40817ca7bd4130b67049e4ebbd43ed9dc882634bbf467e86fe2841d16c98bf718e0a793', 'width': 300}, {'height': 60, 'url': 'https://mosaic.scdn.co/60/6448c99fb14812207080d9db8c0434fbbdbf5b3175e18381e088b8f80080b2cdc7e4cf86344b54bf7934d9d3b40817ca7bd4130b67049e4ebbd43ed9dc882634bbf467e86fe2841d16c98bf718e0a793', 'width': 60}]",Bon rotllo,,True,MjAsMmQwZjQzMTM3YWQ2MWZjNGY1OWE0YmQyNmUyZTA5ZmEwMDgzYTcyNQ==,playlist,spotify:playlist:64JY1fITMumLMHvbjyhYHS,https://open.spotify.com/playlist/64JY1fITMumLMHvbjyhYHS,Josep Foradada,https://open.spotify.com/user/nerken,https://api.spotify.com/v1/users/nerken,nerken,user,spotify:user:nerken,https://api.spotify.com/v1/playlists/64JY1fITMumLMHvbjyhYHS/tracks,15
16,False,https://api.spotify.com/v1/playlists/6F0bDRMilmN0VdkEtsS0Cz,6F0bDRMilmN0VdkEtsS0Cz,"[{'height': 640, 'url': 'https://i.scdn.co/image/39ddc16036c1b1307103c033e193c1aa8c85f4d5', 'width': 640}]",Various Artists – Summer Jazz,,True,MyxmNTU0MTBlZWQzNGIzZGE1NjJmNTYwODE2N2VhMmMxYzAwYTRiYWM1,playlist,spotify:playlist:6F0bDRMilmN0VdkEtsS0Cz,https://open.spotify.com/playlist/6F0bDRMilmN0VdkEtsS0Cz,Josep Foradada,https://open.spotify.com/user/nerken,https://api.spotify.com/v1/users/nerken,nerken,user,spotify:user:nerken,https://api.spotify.com/v1/playlists/6F0bDRMilmN0VdkEtsS0Cz/tracks,19
17,False,https://api.spotify.com/v1/playlists/4YMWrJrGAyW04sfFwE3sc4,4YMWrJrGAyW04sfFwE3sc4,"[{'height': 640, 'url': 'https://i.scdn.co/image/d21f7e4d4ce41022636b1725322bda1c9c3307df', 'width': 640}]",Lisa Ekdahl,,True,MywxYmI4ZjcxZmZkNTJlYmI5YTQxNTE3M2VjNzQwMzQ5YzY2ZDg0NWM3,playlist,spotify:playlist:4YMWrJrGAyW04sfFwE3sc4,https://open.spotify.com/playlist/4YMWrJrGAyW04sfFwE3sc4,Josep Foradada,https://open.spotify.com/user/nerken,https://api.spotify.com/v1/users/nerken,nerken,user,spotify:user:nerken,https://api.spotify.com/v1/playlists/4YMWrJrGAyW04sfFwE3sc4/tracks,10
18,False,https://api.spotify.com/v1/playlists/7EHzH8D5Fv7EWf76tDTSvH,7EHzH8D5Fv7EWf76tDTSvH,"[{'height': 640, 'url': 'https://i.scdn.co/image/75e18381e088b8f80080b2cdc7e4cf86344b54bf', 'width': 640}]",Stromae,,True,NCwyYjE2ODcxMGI5MzRiYTUzMDY0NDU3YzBmZjhkZTdiNjAxNmMyNzU1,playlist,spotify:playlist:7EHzH8D5Fv7EWf76tDTSvH,https://open.spotify.com/playlist/7EHzH8D5Fv7EWf76tDTSvH,Josep Foradada,https://open.spotify.com/user/nerken,https://api.spotify.com/v1/users/nerken,nerken,user,spotify:user:nerken,https://api.spotify.com/v1/playlists/7EHzH8D5Fv7EWf76tDTSvH/tracks,25
19,False,https://api.spotify.com/v1/playlists/0tiNVBKGtCjcH37FsQsaIg,0tiNVBKGtCjcH37FsQsaIg,"[{'height': 640, 'url': 'https://mosaic.scdn.co/640/0bed407280a6125be8774529d0bcab2b6cb73aaa14ab11968dfa183c2312a6cfb43480cee3bc4daaa07488d476d4e3e7e29a98eeb56a5caac0dd4b6ab91f80e3400afe3ac9ba2c20030a48824fd6ff91', 'width': 640}, {'height': 300, 'url': 'https://mosaic.scdn.co/300/0bed407280a6125be8774529d0bcab2b6cb73aaa14ab11968dfa183c2312a6cfb43480cee3bc4daaa07488d476d4e3e7e29a98eeb56a5caac0dd4b6ab91f80e3400afe3ac9ba2c20030a48824fd6ff91', 'width': 300}, {'height': 60, 'url': 'https://mosaic.scdn.co/60/0bed407280a6125be8774529d0bcab2b6cb73aaa14ab11968dfa183c2312a6cfb43480cee3bc4daaa07488d476d4e3e7e29a98eeb56a5caac0dd4b6ab91f80e3400afe3ac9ba2c20030a48824fd6ff91', 'width': 60}]",EDITS,,True,Nyw4Mjg1NzBiZjM2NWM5ZjUzYTYyM2JmNzU1MjUwMDAwZmE3MDY5Yzk0,playlist,spotify:playlist:0tiNVBKGtCjcH37FsQsaIg,https://open.spotify.com/playlist/0tiNVBKGtCjcH37FsQsaIg,Josep Foradada,https://open.spotify.com/user/nerken,https://api.spotify.com/v1/users/nerken,nerken,user,spotify:user:nerken,https://api.spotify.com/v1/playlists/0tiNVBKGtCjcH37FsQsaIg/tracks,5
20,False,https://api.spotify.com/v1/playlists/41qf7DQAsri9nLj6pVWpOt,41qf7DQAsri9nLj6pVWpOt,"[{'height': 640, 'url': 'https://mosaic.scdn.co/640/0296f1aa0f33e533fef7bc8548211ea24841325614ab11968dfa183c2312a6cfb43480cee3bc4daa331ae5663a127c8d989245a66446e1b8b669e47a4df2c4c3deb49d4c0b37434b8744087eaf749602', 'width': 640}, {'height': 300, 'url': 'https://mosaic.scdn.co/300/0296f1aa0f33e533fef7bc8548211ea24841325614ab11968dfa183c2312a6cfb43480cee3bc4daa331ae5663a127c8d989245a66446e1b8b669e47a4df2c4c3deb49d4c0b37434b8744087eaf749602', 'width': 300}, {'height': 60, 'url': 'https://mosaic.scdn.co/60/0296f1aa0f33e533fef7bc8548211ea24841325614ab11968dfa183c2312a6cfb43480cee3bc4daa331ae5663a127c8d989245a66446e1b8b669e47a4df2c4c3deb49d4c0b37434b8744087eaf749602', 'width': 60}]",HITS,,True,MTYsOTQzZWVhOWI0ZWMwZWMwN2YxMTA0M2I2MmYyNGJhZThhMzI3MDBiYg==,playlist,spotify:playlist:41qf7DQAsri9nLj6pVWpOt,https://open.spotify.com/playlist/41qf7DQAsri9nLj6pVWpOt,Josep Foradada,https://open.spotify.com/user/nerken,https://api.spotify.com/v1/users/nerken,nerken,user,spotify:user:nerken,https://api.spotify.com/v1/playlists/41qf7DQAsri9nLj6pVWpOt/tracks,12
21,False,https://api.spotify.com/v1/playlists/2SScimtgToL52F3sxoFIX6,2SScimtgToL52F3sxoFIX6,"[{'height': 640, 'url': 'https://i.scdn.co/image/4c8892b0d193354f03e1b31cef40c2be777423b4', 'width': 640}]",Various Artists – Top 50 Acoustic Cover Hits,,True,MixmM2U4NzQ1ODBiN2I0Y2ViMjNjZTc2Y2RiZjY4ZTgxZjdiZmU0ZmMw,playlist,spotify:playlist:2SScimtgToL52F3sxoFIX6,https://open.spotify.com/playlist/2SScimtgToL52F3sxoFIX6,Josep Foradada,https://open.spotify.com/user/nerken,https://api.spotify.com/v1/users/nerken,nerken,user,spotify:user:nerken,https://api.spotify.com/v1/playlists/2SScimtgToL52F3sxoFIX6/tracks,50
22,False,https://api.spotify.com/v1/playlists/1t4E2pmmUPII9lPWzYkLFU,1t4E2pmmUPII9lPWzYkLFU,"[{'height': 640, 'url': 'https://i.scdn.co/image/475b9f8f450167dcf62cb83f77c967bf8d85fe83', 'width': 640}]",New,,True,NixiZDM0NzZhZmU0ZWQ1MGNiY2Y1ZjAyM2RjOTQzODlhNjc2YjAxMGZk,playlist,spotify:playlist:1t4E2pmmUPII9lPWzYkLFU,https://open.spotify.com/playlist/1t4E2pmmUPII9lPWzYkLFU,Josep Foradada,https://open.spotify.com/user/nerken,https://api.spotify.com/v1/users/nerken,nerken,user,spotify:user:nerken,https://api.spotify.com/v1/playlists/1t4E2pmmUPII9lPWzYkLFU/tracks,3
23,False,https://api.spotify.com/v1/playlists/5Z8VUi5qQUVkO1HzuZXUq9,5Z8VUi5qQUVkO1HzuZXUq9,"[{'height': 640, 'url': 'https://i.scdn.co/image/6917af0c3b16f1ab644869e499984f1390ef32d4', 'width': 640}]",Caravan Palace,,True,NCxlOWE4Yzk2MTQ1NDk3YWU3NDAxOGY1Y2E1YjNlOTk5ODhmMDBiZjkx,playlist,spotify:playlist:5Z8VUi5qQUVkO1HzuZXUq9,https://open.spotify.com/playlist/5Z8VUi5qQUVkO1HzuZXUq9,Josep Foradada,https://open.spotify.com/user/nerken,https://api.spotify.com/v1/users/nerken,nerken,user,spotify:user:nerken,https://api.spotify.com/v1/playlists/5Z8VUi5qQUVkO1HzuZXUq9/tracks,29
24,False,https://api.spotify.com/v1/playlists/0EwEbOTcoueyXQl1Et4Or6,0EwEbOTcoueyXQl1Et4Or6,"[{'height': 640, 'url': 'https://i.scdn.co/image/a1f4e1838bab694cd26e487b2385117471856b2e', 'width': 640}]",London Philharmonic Orchestra – The 50 Greatest Pieces of Classical Music,,True,Miw2MmY0YmMxMzM2MTY0ODM3ZDkxY2YwOGUwZDk0ZWMwOWM1OTA3ZDQ0,playlist,spotify:playlist:0EwEbOTcoueyXQl1Et4Or6,https://open.spotify.com/playlist/0EwEbOTcoueyXQl1Et4Or6,Josep Foradada,https://open.spotify.com/user/nerken,https://api.spotify.com/v1/users/nerken,nerken,user,spotify:user:nerken,https://api.spotify.com/v1/playlists/0EwEbOTcoueyXQl1Et4Or6/tracks,50
25,False,https://api.spotify.com/v1/playlists/6NkUTDW3ONdztqUQs7YeNM,6NkUTDW3ONdztqUQs7YeNM,"[{'height': 640, 'url': 'https://i.scdn.co/image/3edb3f970f4a3af9ef922efd18cdb4dabaf85ced', 'width': 640}]",Feel This Moment,,True,Miw4NGI3ZDZlNDczYzFhYmUxYWIwN2Q1YWFlZDk3YzdhOWRkOWZhY2Jk,playlist,spotify:playlist:6NkUTDW3ONdztqUQs7YeNM,https://open.spotify.com/playlist/6NkUTDW3ONdztqUQs7YeNM,Josep Foradada,https://open.spotify.com/user/nerken,https://api.spotify.com/v1/users/nerken,nerken,user,spotify:user:nerken,https://api.spotify.com/v1/playlists/6NkUTDW3ONdztqUQs7YeNM/tracks,1
26,False,https://api.spotify.com/v1/playlists/5bI2Q0cfKkAtsuSt9jUeZc,5bI2Q0cfKkAtsuSt9jUeZc,"[{'height': 640, 'url': 'https://i.scdn.co/image/78f9b2db67fea5eb047c281b95133c9536f4864d', 'width': 640}]",Blaumut - El Turista,,True,Miw2OTM2ZWFlN2Q0ZjdkNmFmYjE4ZGM2YWIzYTNhMjE4YWI3MThjZDBm,playlist,spotify:playlist:5bI2Q0cfKkAtsuSt9jUeZc,https://open.spotify.com/playlist/5bI2Q0cfKkAtsuSt9jUeZc,Josep Foradada,https://open.spotify.com/user/nerken,https://api.spotify.com/v1/users/nerken,nerken,user,spotify:user:nerken,https://api.spotify.com/v1/playlists/5bI2Q0cfKkAtsuSt9jUeZc/tracks,12
27,False,https://api.spotify.com/v1/playlists/6Vc5br1vN5YUwjGd6FxIMp,6Vc5br1vN5YUwjGd6FxIMp,"[{'height': 640, 'url': 'https://i.scdn.co/image/d93fae77a26ae029869b1ca8935087bf77ac6d08', 'width': 640}]",Nyandú - L'origen de les absències,,True,MixjNGZiODU1YWM0YTdhNGY1MmFhNjM2MzZkYWFkODgzZjZlOTYxNWM3,playlist,spotify:playlist:6Vc5br1vN5YUwjGd6FxIMp,https://open.spotify.com/playlist/6Vc5br1vN5YUwjGd6FxIMp,Josep Foradada,https://open.spotify.com/user/nerken,https://api.spotify.com/v1/users/nerken,nerken,user,spotify:user:nerken,https://api.spotify.com/v1/playlists/6Vc5br1vN5YUwjGd6FxIMp/tracks,12
28,False,https://api.spotify.com/v1/playlists/1wrqSkZXURdcTk0X4BO0bP,1wrqSkZXURdcTk0X4BO0bP,"[{'height': 640, 'url': 'https://i.scdn.co/image/8c72bdda7c07e83c090f7647c74fd5d7991fe7d8', 'width': 640}]",The Free Fall Band – Elephants Never Forget,,True,NCxmNzExYWYyYTVkODMzZGVmOWE5MTQ1ZDQyZDc5YTYzNmQ4MDBmYWY0,playlist,spotify:playlist:1wrqSkZXURdcTk0X4BO0bP,https://open.spotify.com/playlist/1wrqSkZXURdcTk0X4BO0bP,Josep Foradada,https://open.spotify.com/user/nerken,https://api.spotify.com/v1/users/nerken,nerken,user,spotify:user:nerken,https://api.spotify.com/v1/playlists/1wrqSkZXURdcTk0X4BO0bP/tracks,10
29,False,https://api.spotify.com/v1/playlists/2VW0MLYsZGkVE101NEyrdc,2VW0MLYsZGkVE101NEyrdc,"[{'height': 640, 'url': 'https://i.scdn.co/image/0ce57b39405c594141412a1284eaa7d4bd0fd208', 'width': 640}]",Manos de Topo,,True,Niw2YzExNmJlMDk5NmUyYjFmNDlkNmM5Mjc2NTIzYmU3YjA0N2NhNDMz,playlist,spotify:playlist:2VW0MLYsZGkVE101NEyrdc,https://open.spotify.com/playlist/2VW0MLYsZGkVE101NEyrdc,Josep Foradada,https://open.spotify.com/user/nerken,https://api.spotify.com/v1/users/nerken,nerken,user,spotify:user:nerken,https://api.spotify.com/v1/playlists/2VW0MLYsZGkVE101NEyrdc/tracks,33
30,False,https://api.spotify.com/v1/playlists/6S6YOHxtlap5BcYdl8MSZn,6S6YOHxtlap5BcYdl8MSZn,"[{'height': 640, 'url': 'https://i.scdn.co/image/5221fcc70a876f402cb149d9820ac670d582c31a', 'width': 640}]",La Pegatina – Xapomelön,,True,Miw4YWZkMGEyMWYxM2ZjNTM5NjY5ZWYwZGFkOTZiMzg4YmIyM2U5NmE4,playlist,spotify:playlist:6S6YOHxtlap5BcYdl8MSZn,https://open.spotify.com/playlist/6S6YOHxtlap5BcYdl8MSZn,Josep Foradada,https://open.spotify.com/user/nerken,https://api.spotify.com/v1/users/nerken,nerken,user,spotify:user:nerken,https://api.spotify.com/v1/playlists/6S6YOHxtlap5BcYdl8MSZn/tracks,21
31,False,https://api.spotify.com/v1/playlists/5arziQ4hgOyxgWqNikNVvO,5arziQ4hgOyxgWqNikNVvO,"[{'height': 640, 'url': 'https://i.scdn.co/image/863e332f34c36783b6eacc384bcc4a599808a06e', 'width': 640}]","iaia, 4t1a i roger margarit",,True,NSxmZGJlMGQwNWE3ZmU5NjY2MDVhNzYyZGI3MjRlNjViYWUzMTQ4ZjJl,playlist,spotify:playlist:5arziQ4hgOyxgWqNikNVvO,https://open.spotify.com/playlist/5arziQ4hgOyxgWqNikNVvO,Josep Foradada,https://open.spotify.com/user/nerken,https://api.spotify.com/v1/users/nerken,nerken,user,spotify:user:nerken,https://api.spotify.com/v1/playlists/5arziQ4hgOyxgWqNikNVvO/tracks,36
32,False,https://api.spotify.com/v1/playlists/2DM514FHHlHf64BLAzoIWe,2DM514FHHlHf64BLAzoIWe,"[{'height': 640, 'url': 'https://i.scdn.co/image/5221fcc70a876f402cb149d9820ac670d582c31a', 'width': 640}]",Si de nit,,True,Miw2ODRiNjdlZGFmOTVmNGZjMDVkYTU2YmUzZjg2YTM5N2M0YjVjOTVl,playlist,spotify:playlist:2DM514FHHlHf64BLAzoIWe,https://open.spotify.com/playlist/2DM514FHHlHf64BLAzoIWe,Josep Foradada,https://open.spotify.com/user/nerken,https://api.spotify.com/v1/users/nerken,nerken,user,spotify:user:nerken,https://api.spotify.com/v1/playlists/2DM514FHHlHf64BLAzoIWe/tracks,1
33,False,https://api.spotify.com/v1/playlists/0Kz18Qq6boSucTkU8R2aaF,0Kz18Qq6boSucTkU8R2aaF,"[{'height': 640, 'url': 'https://mosaic.scdn.co/640/3d7b7545a896adc90ba3926be09d4cd3858c7bcb4862a7168866cfd07a288e110f034381a2258035ca8162e8245bd9f949c8d6b1cd929e43f6866f41d22f771696d9329e44d3d4a48e9b5fdc276941ec', 'width': 640}, {'height': 300, 'url': 'https://mosaic.scdn.co/300/3d7b7545a896adc90ba3926be09d4cd3858c7bcb4862a7168866cfd07a288e110f034381a2258035ca8162e8245bd9f949c8d6b1cd929e43f6866f41d22f771696d9329e44d3d4a48e9b5fdc276941ec', 'width': 300}, {'height': 60, 'url': 'https://mosaic.scdn.co/60/3d7b7545a896adc90ba3926be09d4cd3858c7bcb4862a7168866cfd07a288e110f034381a2258035ca8162e8245bd9f949c8d6b1cd929e43f6866f41d22f771696d9329e44d3d4a48e9b5fdc276941ec', 'width': 60}]",Nerken's Hits,,True,NDY0LGNhMmUxNGZhYTA1Y2EwMzY4MzQ4NjQwZWVkMGVmMjdhYzhjOWM5NjQ=,playlist,spotify:playlist:0Kz18Qq6boSucTkU8R2aaF,https://open.spotify.com/playlist/0Kz18Qq6boSucTkU8R2aaF,Josep Foradada,https://open.spotify.com/user/nerken,https://api.spotify.com/v1/users/nerken,nerken,user,spotify:user:nerken,https://api.spotify.com/v1/playlists/0Kz18Qq6boSucTkU8R2aaF/tracks,459
34,False,https://api.spotify.com/v1/playlists/7vHRwRtvmggt50qUnnHeaD,7vHRwRtvmggt50qUnnHeaD,"[{'height': 640, 'url': 'https://mosaic.scdn.co/640/06dc8e7b1086354c16ccadab327526a7c91b475b2e1dc918650e89f3d949fea512d3191b3524586e899b2f5a7a8311e5669b5b8d115b4e79df26851bc30b893e0a37566640baa38669312bb980b216cb', 'width': 640}, {'height': 300, 'url': 'https://mosaic.scdn.co/300/06dc8e7b1086354c16ccadab327526a7c91b475b2e1dc918650e89f3d949fea512d3191b3524586e899b2f5a7a8311e5669b5b8d115b4e79df26851bc30b893e0a37566640baa38669312bb980b216cb', 'width': 300}, {'height': 60, 'url': 'https://mosaic.scdn.co/60/06dc8e7b1086354c16ccadab327526a7c91b475b2e1dc918650e89f3d949fea512d3191b3524586e899b2f5a7a8311e5669b5b8d115b4e79df26851bc30b893e0a37566640baa38669312bb980b216cb', 'width': 60}]",Catalana,,False,NjMsN2ZjNjUwOGE4MjIyMDY4MDA5NzY5YmMzYWY0MDViMWI1NGNkNGZlZA==,playlist,spotify:playlist:7vHRwRtvmggt50qUnnHeaD,https://open.spotify.com/playlist/7vHRwRtvmggt50qUnnHeaD,Josep Foradada,https://open.spotify.com/user/nerken,https://api.spotify.com/v1/users/nerken,nerken,user,spotify:user:nerken,https://api.spotify.com/v1/playlists/7vHRwRtvmggt50qUnnHeaD/tracks,94
35,False,https://api.spotify.com/v1/playlists/5aMcG4sVMmkV1u3YC63hMQ,5aMcG4sVMmkV1u3YC63hMQ,"[{'height': 640, 'url': 'https://mosaic.scdn.co/640/4c72e665364e8b7254934a41e451f3fb7817943a753b57ab7d7b804d27efcb8de69c1adb0728112388207d358b27ebcf6415d30c36a1b8be7362d0f1bac22ba0bc7b6023ee9ef8db5f3c86ee44f3aa99', 'width': 640}, {'height': 300, 'url': 'https://mosaic.scdn.co/300/4c72e665364e8b7254934a41e451f3fb7817943a753b57ab7d7b804d27efcb8de69c1adb0728112388207d358b27ebcf6415d30c36a1b8be7362d0f1bac22ba0bc7b6023ee9ef8db5f3c86ee44f3aa99', 'width': 300}, {'height': 60, 'url': 'https://mosaic.scdn.co/60/4c72e665364e8b7254934a41e451f3fb7817943a753b57ab7d7b804d27efcb8de69c1adb0728112388207d358b27ebcf6415d30c36a1b8be7362d0f1bac22ba0bc7b6023ee9ef8db5f3c86ee44f3aa99', 'width': 60}]",Spanish,,True,NzgsMTc5ZWNkYmIwZGU3MmQzYzgxYzM3YTQ3MzhiMWM4NDBmYWY2NzJkMg==,playlist,spotify:playlist:5aMcG4sVMmkV1u3YC63hMQ,https://open.spotify.com/playlist/5aMcG4sVMmkV1u3YC63hMQ,Josep Foradada,https://open.spotify.com/user/nerken,https://api.spotify.com/v1/users/nerken,nerken,user,spotify:user:nerken,https://api.spotify.com/v1/playlists/5aMcG4sVMmkV1u3YC63hMQ/tracks,69
36,False,https://api.spotify.com/v1/playlists/2jig3jDOLAamg7rauyYbsW,2jig3jDOLAamg7rauyYbsW,"[{'height': 640, 'url': 'https://i.scdn.co/image/0a66cdf0df03ab8694db3eac338222a31b2bd25e', 'width': 640}]",Various Artists [Artist] – 100 Classical Favourites,,True,NixhZjAxYzhhNGE0OTEyM2M5N2I2ZGM5ODY1Yjk1M2JhYmQ0MjYxNTY4,playlist,spotify:playlist:2jig3jDOLAamg7rauyYbsW,https://open.spotify.com/playlist/2jig3jDOLAamg7rauyYbsW,Josep Foradada,https://open.spotify.com/user/nerken,https://api.spotify.com/v1/users/nerken,nerken,user,spotify:user:nerken,https://api.spotify.com/v1/playlists/2jig3jDOLAamg7rauyYbsW/tracks,200
37,False,https://api.spotify.com/v1/playlists/3hS8GwHWUUGI9bMAeLlzLh,3hS8GwHWUUGI9bMAeLlzLh,"[{'height': 640, 'url': 'https://i.scdn.co/image/51b39c71fc9983e56b9eafc37e7da3714144d64b', 'width': 640}]",Mine – Un brindis pel nen androide,,True,MixjOWYzNWFlMTZhNzcyMTNlOTM2N2M5NWJiYzFmN2NiODE2NGRhMDVk,playlist,spotify:playlist:3hS8GwHWUUGI9bMAeLlzLh,https://open.spotify.com/playlist/3hS8GwHWUUGI9bMAeLlzLh,Josep Foradada,https://open.spotify.com/user/nerken,https://api.spotify.com/v1/users/nerken,nerken,user,spotify:user:nerken,https://api.spotify.com/v1/playlists/3hS8GwHWUUGI9bMAeLlzLh/tracks,12
38,False,https://api.spotify.com/v1/playlists/2wZ4hdXDK7A4PWxvdWZaAs,2wZ4hdXDK7A4PWxvdWZaAs,"[{'height': 640, 'url': 'https://i.scdn.co/image/3bbf42355ad95fa9ba154a62f9e46509b1736dcc', 'width': 640}]",Various Artists – 100 Best Opera Classics,,True,MixhNjg4MjVmMmM4M2M5NWM2Mjk1MDgxM2IwMDNkODQzYWRhYmMyZGY5,playlist,spotify:playlist:2wZ4hdXDK7A4PWxvdWZaAs,https://open.spotify.com/playlist/2wZ4hdXDK7A4PWxvdWZaAs,Josep Foradada,https://open.spotify.com/user/nerken,https://api.spotify.com/v1/users/nerken,nerken,user,spotify:user:nerken,https://api.spotify.com/v1/playlists/2wZ4hdXDK7A4PWxvdWZaAs/tracks,100
39,False,https://api.spotify.com/v1/playlists/26yOZG9EufjUlGvl9zE1Fv,26yOZG9EufjUlGvl9zE1Fv,"[{'height': 640, 'url': 'https://i.scdn.co/image/88829486f1c44a6b7f97399b9ce359518cfc6120', 'width': 640}]",Running,,True,NzUsMjUwODYzNGNmMTkyMzkwNDM4OTdmMDJmOGRjMmE2ZDdkZTMzN2Y2Mw==,playlist,spotify:playlist:26yOZG9EufjUlGvl9zE1Fv,https://open.spotify.com/playlist/26yOZG9EufjUlGvl9zE1Fv,Josep Foradada,https://open.spotify.com/user/nerken,https://api.spotify.com/v1/users/nerken,nerken,user,spotify:user:nerken,https://api.spotify.com/v1/playlists/26yOZG9EufjUlGvl9zE1Fv/tracks,3
40,False,https://api.spotify.com/v1/playlists/7LqEvFlU62PeN9Ey2GFQ1a,7LqEvFlU62PeN9Ey2GFQ1a,"[{'height': 640, 'url': 'https://i.scdn.co/image/b31fde37d22c06720143e0ed19b510d1117bf402', 'width': 640}]",17 Hippies – El Dorado,,True,MixjZDQ5MjU5YjhhYmMxMmZlZWZlNjdlNDZmYzMyMDBlNTlhOTE3ZGZh,playlist,spotify:playlist:7LqEvFlU62PeN9Ey2GFQ1a,https://open.spotify.com/playlist/7LqEvFlU62PeN9Ey2GFQ1a,Josep Foradada,https://open.spotify.com/user/nerken,https://api.spotify.com/v1/users/nerken,nerken,user,spotify:user:nerken,https://api.spotify.com/v1/playlists/7LqEvFlU62PeN9Ey2GFQ1a/tracks,12
41,False,https://api.spotify.com/v1/playlists/5LR210vwhwJxrJWBGxTzMh,5LR210vwhwJxrJWBGxTzMh,"[{'height': 640, 'url': 'https://mosaic.scdn.co/640/7fcd391dcc5d6f408416b29a1f1845f0edf0f10a83085baf4b6f6cedc2e226d3e7e7e0d2851ed8549b369f97ae9c6f2492ba3238b641c80805ae1281abf2f2cbeff74c913790dcebe02fdf17b230b5e3', 'width': 640}, {'height': 300, 'url': 'https://mosaic.scdn.co/300/7fcd391dcc5d6f408416b29a1f1845f0edf0f10a83085baf4b6f6cedc2e226d3e7e7e0d2851ed8549b369f97ae9c6f2492ba3238b641c80805ae1281abf2f2cbeff74c913790dcebe02fdf17b230b5e3', 'width': 300}, {'height': 60, 'url': 'https://mosaic.scdn.co/60/7fcd391dcc5d6f408416b29a1f1845f0edf0f10a83085baf4b6f6cedc2e226d3e7e7e0d2851ed8549b369f97ae9c6f2492ba3238b641c80805ae1281abf2f2cbeff74c913790dcebe02fdf17b230b5e3', 'width': 60}]",The BEST BRITISH songs of all time,,True,MiwwZDk5MDZlZDFjYzM0YzI5NTJhMzUzYTZkMTdmN2FjNDViZTJiZTg4,playlist,spotify:playlist:5LR210vwhwJxrJWBGxTzMh,https://open.spotify.com/playlist/5LR210vwhwJxrJWBGxTzMh,Josep Foradada,https://open.spotify.com/user/nerken,https://api.spotify.com/v1/users/nerken,nerken,user,spotify:user:nerken,https://api.spotify.com/v1/playlists/5LR210vwhwJxrJWBGxTzMh/tracks,101
42,False,https://api.spotify.com/v1/playlists/7AbQaavvwWs13zH2XMxUrZ,7AbQaavvwWs13zH2XMxUrZ,"[{'height': 640, 'url': 'https://i.scdn.co/image/62006ee56c1e95b32e5702a33b4da7491701764a', 'width': 640}]",Volbeat – Live From Beyond Hell / Above Heaven,,True,NSw4OGM1ZDhlYmZmMjczYWY0NzBmYzdlOTEwZTFjOTdlMzc3OGUyMWI4,playlist,spotify:playlist:7AbQaavvwWs13zH2XMxUrZ,https://open.spotify.com/playlist/7AbQaavvwWs13zH2XMxUrZ,Josep Foradada,https://open.spotify.com/user/nerken,https://api.spotify.com/v1/users/nerken,nerken,user,spotify:user:nerken,https://api.spotify.com/v1/playlists/7AbQaavvwWs13zH2XMxUrZ/tracks,19
43,False,https://api.spotify.com/v1/playlists/5FAkbyeCqjinjYqfbERDYa,5FAkbyeCqjinjYqfbERDYa,"[{'height': 640, 'url': 'https://mosaic.scdn.co/640/03e38e559265dd39eee574f9c9756e9ed182fe6b1cb772d5f25d1689a27d507f92f6eed3945dd7af3f402c067ec15f373e88e4ef642867e51f6bef7b973b0b88824e0ba07338ad49a1d237d433d64f12', 'width': 640}, {'height': 300, 'url': 'https://mosaic.scdn.co/300/03e38e559265dd39eee574f9c9756e9ed182fe6b1cb772d5f25d1689a27d507f92f6eed3945dd7af3f402c067ec15f373e88e4ef642867e51f6bef7b973b0b88824e0ba07338ad49a1d237d433d64f12', 'width': 300}, {'height': 60, 'url': 'https://mosaic.scdn.co/60/03e38e559265dd39eee574f9c9756e9ed182fe6b1cb772d5f25d1689a27d507f92f6eed3945dd7af3f402c067ec15f373e88e4ef642867e51f6bef7b973b0b88824e0ba07338ad49a1d237d433d64f12', 'width': 60}]",Elektro,,True,MTUsMWY4MjgzZTRmMjA4YTE5NmZjMjQ2Y2QyNjIzNjQxZGVhOGQ0MjQ1Nw==,playlist,spotify:playlist:5FAkbyeCqjinjYqfbERDYa,https://open.spotify.com/playlist/5FAkbyeCqjinjYqfbERDYa,Josep Foradada,https://open.spotify.com/user/nerken,https://api.spotify.com/v1/users/nerken,nerken,user,spotify:user:nerken,https://api.spotify.com/v1/playlists/5FAkbyeCqjinjYqfbERDYa/tracks,11
